{"config": {"feature0": 1, "feature1": 1, "feature10": 1, "feature11": 0, "feature12": 1, "feature13": 1, "feature14": 1, "feature15": 0, "feature16": 1, "feature17": 0, "feature18": 1, "feature19": 1, "feature2": 1, "feature20": 1, "feature21": 0, "feature22": 0, "feature23": 1, "feature24": 1, "feature25": 1, "feature26": 1, "feature27": 0, "feature28": 0, "feature29": 1, "feature3": 0, "feature30": 0, "feature31": 1, "feature32": 0, "feature33": 0, "feature34": 0, "feature35": 0, "feature36": 1, "feature37": 0, "feature38": 0, "feature39": 0, "feature4": 0, "feature40": 1, "feature41": 0, "feature42": 1, "feature43": 1, "feature44": 0, "feature45": 0, "feature46": 1, "feature47": 0, "feature48": 1, "feature49": 1, "feature5": 0, "feature50": 0, "feature51": 0, "feature52": 0, "feature53": 0, "feature54": 0, "feature55": 0, "feature56": 1, "feature57": 1, "feature58": 1, "feature59": 1, "feature6": 0, "feature60": 1, "feature61": 0, "feature62": 0, "feature7": 1, "feature8": 0, "feature9": 0}, "score": 0.7529550790786743, "info": {"adv": [189.0, 34.0, 1.0, 7.000000000000001, 2.0, 0.0, 1.0, 3.0, 0.0, 4.0, 0.0, 0.0, 5.0, 3.0, 0.0, 2.0, 2.0, 0.0, 0.0, 0.0, 0.0, 1.0, 0.0, 0.0, 0.0, 0.10905603956020408, 0.0, 0.0, 0.0, 0.0, 0.0, 0.0, 3.0, 0.0, 0.0, 0.0, 0.0, 0.0, 0.0, 18.0, 7.0, 2.0, 3.0, 3.0, 2.0, 15.0, 36.0, 7.0, 6.333333333, 7.333333333, 1.0, 0.0, 0.0, 0.0, 0.0, 2.0, 0.0, -1.0, 2975.0, 302094.0, 0.0, 1.0, 1.0], "budget": 10.125}}