{"config": {"feature0": 1, "feature1": 1, "feature10": 0, "feature11": 1, "feature12": 1, "feature13": 1, "feature14": 0, "feature15": 1, "feature16": 1, "feature17": 0, "feature18": 0, "feature19": 0, "feature2": 1, "feature20": 0, "feature21": 0, "feature22": 1, "feature23": 0, "feature24": 0, "feature25": 1, "feature26": 0, "feature27": 0, "feature28": 0, "feature29": 0, "feature3": 0, "feature30": 1, "feature31": 0, "feature32": 0, "feature33": 0, "feature34": 1, "feature35": 1, "feature36": 0, "feature37": 1, "feature38": 0, "feature39": 0, "feature4": 1, "feature40": 1, "feature41": 0, "feature42": 0, "feature43": 1, "feature44": 1, "feature45": 1, "feature46": 1, "feature47": 1, "feature48": 0, "feature49": 1, "feature5": 0, "feature50": 1, "feature51": 0, "feature52": 1, "feature53": 1, "feature54": 0, "feature55": 0, "feature56": 1, "feature57": 0, "feature58": 1, "feature59": 0, "feature6": 0, "feature60": 1, "feature61": 1, "feature62": 1, "feature7": 1, "feature8": 1, "feature9": 1}, "score": 0.32028916478157043, "info": {"adv": [110.0, 19.0, 0.0, 3.0, 5.0, 0.0, 0.0, 0.0, 0.0, 0.0, 2.0, 0.0, 0.0, 5.0, 0.0, 1.0, 0.0, 0.0, 0.0, 0.0, 0.0, 0.0, 0.0, 0.0, 1.0, 0.093023256, 0.0, 0.0, 0.0, 0.0, 0.0, 0.0, 3.0, 1.0, 0.0, 0.0, 0.0, 2.0, 0.0, 10.0, 0.0, 2.0, 9.0, 2.0, 2.0, 15.0, 0.0, 5.909090909, 13.251790095813526, 12.042387339803897, 2.0, 0.0, 0.0, 0.0, 0.0, 0.0, 0.0, -1.0, 6254.0, 619811.0, 0.0, 1.0, 4.0], "budget": 40.5}}