{"config": {"feature0": 0, "feature1": 1, "feature10": 1, "feature11": 0, "feature12": 1, "feature13": 1, "feature14": 0, "feature15": 0, "feature16": 0, "feature17": 0, "feature18": 0, "feature19": 0, "feature2": 0, "feature20": 1, "feature21": 1, "feature22": 0, "feature23": 0, "feature24": 0, "feature25": 0, "feature26": 0, "feature27": 0, "feature28": 0, "feature29": 0, "feature3": 0, "feature30": 0, "feature31": 0, "feature32": 0, "feature33": 0, "feature34": 0, "feature35": 0, "feature36": 0, "feature37": 0, "feature38": 0, "feature39": 1, "feature4": 0, "feature40": 0, "feature41": 0, "feature42": 0, "feature43": 0, "feature44": 1, "feature45": 1, "feature46": 1, "feature47": 1, "feature48": 1, "feature49": 0, "feature5": 1, "feature50": 0, "feature51": 1, "feature52": 0, "feature53": 0, "feature54": 0, "feature55": 1, "feature56": 0, "feature57": 1, "feature58": 0, "feature59": 1, "feature6": 0, "feature60": 1, "feature61": 1, "feature62": 1, "feature7": 0, "feature8": 0, "feature9": 0}, "score": 0.5465295910835266, "info": {"adv": [72.0, 18.0, 0.0, 3.0, 1.0, 0.0, 0.0, 0.0, 0.0, 0.0, 0.0, 0.0, 0.0, 3.0, 0.0, 1.0, 0.0, 0.0, 0.0, 0.0, 0.0, 0.0, 0.0, 0.0, 1.0, 0.0, 0.0, 0.0, 0.0, 0.0, 0.0, 0.0, 3.0, 0.0, 1.0, 0.0, 0.0, 3.0, 0.0, 12.0, 0.0, 4.0, 7.0, 6.0, 18.0, 21.0, 14.999999999999998, 15.671632627235521, 12.0, 8.25, 1.0, 0.0, 0.0, 0.0, 0.0, 0.0, 0.0, 283.0, 1736.0, 151358.0, 0.0, 1.0, 0.0], "budget": 40.5}}