{"config": {"feature0": 0, "feature1": 0, "feature10": 0, "feature11": 1, "feature12": 1, "feature13": 1, "feature14": 0, "feature15": 1, "feature16": 0, "feature17": 0, "feature18": 1, "feature19": 0, "feature2": 1, "feature20": 0, "feature21": 0, "feature22": 1, "feature23": 1, "feature24": 0, "feature25": 1, "feature26": 1, "feature27": 1, "feature28": 1, "feature29": 0, "feature3": 0, "feature30": 0, "feature31": 0, "feature32": 0, "feature33": 0, "feature34": 0, "feature35": 1, "feature36": 0, "feature37": 0, "feature38": 0, "feature39": 0, "feature4": 0, "feature40": 1, "feature41": 0, "feature42": 0, "feature43": 1, "feature44": 1, "feature45": 1, "feature46": 0, "feature47": 0, "feature48": 0, "feature49": 0, "feature5": 0, "feature50": 0, "feature51": 0, "feature52": 0, "feature53": 0, "feature54": 0, "feature55": 0, "feature56": 0, "feature57": 1, "feature58": 0, "feature59": 1, "feature6": 0, "feature60": 1, "feature61": 1, "feature62": 0, "feature7": 0, "feature8": 1, "feature9": 0}, "score": 0.5977988839149475, "info": {"adv": [64.0, 20.0, 0.0, 2.0, 3.0, 0.0, 0.0, 0.0, 0.0, 0.0, 0.0, 0.0, 7.0, 7.0, 0.0, 1.0, 0.0, 0.0, 0.0, 1.0, 1.0, 0.0, 0.0, 0.0, 1.0, 0.0, 0.0, 0.0, 0.0, 0.0, 0.0, 0.0, 3.0, 1.0, 0.0, 0.0, 0.0, 1.0, 0.0, 8.0, 3.0, 2.0, 3.0, 2.0, 12.0, 12.0, 8.0, 5.0, 7.500000000000001, 4.285714286, 3.0000000000000004, 0.0, 0.0, 0.0, 0.0, 0.0, 0.0, 1082.0, 249.0, 0.0, 0.0, 1.0, 0.0], "budget": 81.0}}