{"config": {"feature0": 0, "feature1": 1, "feature10": 1, "feature11": 0, "feature12": 1, "feature13": 1, "feature14": 1, "feature15": 1, "feature16": 1, "feature17": 1, "feature18": 0, "feature19": 0, "feature2": 1, "feature20": 1, "feature21": 1, "feature22": 0, "feature23": 1, "feature24": 1, "feature25": 0, "feature26": 1, "feature27": 0, "feature28": 0, "feature29": 0, "feature3": 1, "feature30": 0, "feature31": 1, "feature32": 1, "feature33": 1, "feature34": 0, "feature35": 1, "feature36": 0, "feature37": 1, "feature38": 1, "feature39": 1, "feature4": 0, "feature40": 0, "feature41": 0, "feature42": 1, "feature43": 1, "feature44": 0, "feature45": 1, "feature46": 0, "feature47": 0, "feature48": 0, "feature49": 1, "feature5": 0, "feature50": 0, "feature51": 0, "feature52": 0, "feature53": 0, "feature54": 1, "feature55": 1, "feature56": 0, "feature57": 0, "feature58": 0, "feature59": 0, "feature6": 0, "feature60": 1, "feature61": 0, "feature62": 1, "feature7": 0, "feature8": 0, "feature9": 0}, "score": 0.7993719577789307, "info": {"adv": [60.0, 22.0, 0.0, 2.0, 2.0, 0.0, 0.0, 0.0, 0.0, 0.0, 0.0, 0.0, 3.0, 7.0, 0.0, 1.0, 0.0, 0.0, 0.0, 1.0, 0.0, 0.0, 0.0, 0.0, 1.0, 0.12283285613859782, 0.14512076252915357, 0.0, 0.0, 0.0, 0.0, 0.0, 2.0, 1.0, 0.0, 1.0, 0.0, 2.0, 0.0, 6.0, 0.0, 4.0, 4.0, 6.000000000000001, 2.0, 9.0, 9.0, 7.166666667, 6.666666667, 7.666666667, 0.0, 0.0, 0.0, 0.0, 0.0, 0.0, 0.0, 40.0, 6638.000000000001, 493525.0, 0.0, 1.0, 0.0], "budget": 5.0625}}