{"config": {"feature0": 1, "feature1": 1, "feature10": 1, "feature11": 0, "feature12": 1, "feature13": 0, "feature14": 1, "feature15": 0, "feature16": 1, "feature17": 0, "feature18": 1, "feature19": 1, "feature2": 1, "feature20": 1, "feature21": 0, "feature22": 1, "feature23": 0, "feature24": 0, "feature25": 0, "feature26": 1, "feature27": 0, "feature28": 0, "feature29": 0, "feature3": 0, "feature30": 1, "feature31": 1, "feature32": 1, "feature33": 1, "feature34": 0, "feature35": 0, "feature36": 0, "feature37": 0, "feature38": 0, "feature39": 0, "feature4": 0, "feature40": 0, "feature41": 0, "feature42": 0, "feature43": 1, "feature44": 0, "feature45": 0, "feature46": 1, "feature47": 0, "feature48": 0, "feature49": 0, "feature5": 0, "feature50": 0, "feature51": 1, "feature52": 0, "feature53": 1, "feature54": 1, "feature55": 0, "feature56": 1, "feature57": 1, "feature58": 0, "feature59": 0, "feature6": 0, "feature60": 1, "feature61": 1, "feature62": 1, "feature7": 1, "feature8": 0, "feature9": 0}, "score": 0.700390636920929, "info": {"adv": [119.0, 24.0, 0.0, 7.000000000000001, 3.0, 0.0, 0.0, 0.0, 0.0, 0.0, 1.0, 0.0, 3.0, 3.0, 0.0, 1.0, 0.0, 0.0, 0.0, 0.0, 1.0, 0.0, 0.0, 0.0, 0.0, 0.013555500162930246, 0.01023035305017541, 0.0, 0.0, 0.0, 0.0, 0.0, 3.0, 0.0, 0.0, 0.0, 0.0, 0.0, 0.0, 7.000000000000001, 4.0, 1.0, 3.0, 1.0, 19.0, 19.0, 4.0, 6.68028402107416, 8.333333332999999, 0.7343086632364433, 0.0, 0.0, 0.0, 0.0, 0.0, 0.0, 0.0, 856.0, -12.0, 124373.0, 0.0, 1.0, 0.0], "budget": 81.0}}