{"config": {"feature0": 0, "feature1": 1, "feature10": 1, "feature11": 1, "feature12": 1, "feature13": 0, "feature14": 1, "feature15": 1, "feature16": 1, "feature17": 0, "feature18": 1, "feature19": 0, "feature2": 1, "feature20": 0, "feature21": 0, "feature22": 0, "feature23": 0, "feature24": 0, "feature25": 1, "feature26": 0, "feature27": 0, "feature28": 1, "feature29": 0, "feature3": 1, "feature30": 1, "feature31": 0, "feature32": 1, "feature33": 0, "feature34": 0, "feature35": 0, "feature36": 0, "feature37": 0, "feature38": 1, "feature39": 1, "feature4": 0, "feature40": 1, "feature41": 1, "feature42": 0, "feature43": 1, "feature44": 0, "feature45": 0, "feature46": 0, "feature47": 1, "feature48": 1, "feature49": 1, "feature5": 1, "feature50": 1, "feature51": 0, "feature52": 0, "feature53": 0, "feature54": 1, "feature55": 0, "feature56": 1, "feature57": 1, "feature58": 1, "feature59": 1, "feature6": 0, "feature60": 0, "feature61": 1, "feature62": 0, "feature7": 0, "feature8": 1, "feature9": 1}, "score": 0.657987117767334, "info": {"adv": [33.0, 12.0, 0.0, 2.0, 2.0, 0.0, 0.0, 0.0, 0.0, 0.0, 0.0, 0.0, 5.0, 2.0, 0.0, 1.0, 0.0, 0.0, 0.0, 0.0, 0.0, 0.0, 0.0, 0.0, 0.0, 0.03030303, 0.0, 0.0, 0.0, 0.0, 0.0, 0.0, 2.0, 0.0, 0.0, 1.0, 0.0, 0.0, 0.0, 3.0, 0.0, 5.0, 4.0, 1.0, 2.0, 9.0, 0.0, 6.333333333, 6.333333333, 0.0, 0.0, 1.0, 0.0, 0.0, 0.0, 0.0, 0.0, 372.0, 7556.0, 0.0, 0.0, 1.0, 5.0], "budget": 5.0625}}