{"config": {"feature0": 0, "feature1": 1, "feature10": 0, "feature11": 1, "feature12": 1, "feature13": 0, "feature14": 1, "feature15": 0, "feature16": 1, "feature17": 0, "feature18": 1, "feature19": 0, "feature2": 0, "feature20": 1, "feature21": 1, "feature22": 1, "feature23": 0, "feature24": 0, "feature25": 0, "feature26": 0, "feature27": 0, "feature28": 1, "feature29": 1, "feature3": 0, "feature30": 0, "feature31": 0, "feature32": 1, "feature33": 1, "feature34": 0, "feature35": 0, "feature36": 1, "feature37": 0, "feature38": 0, "feature39": 1, "feature4": 1, "feature40": 0, "feature41": 0, "feature42": 1, "feature43": 0, "feature44": 1, "feature45": 1, "feature46": 1, "feature47": 0, "feature48": 0, "feature49": 0, "feature5": 0, "feature50": 1, "feature51": 0, "feature52": 0, "feature53": 0, "feature54": 0, "feature55": 0, "feature56": 1, "feature57": 1, "feature58": 0, "feature59": 0, "feature6": 1, "feature60": 0, "feature61": 0, "feature62": 0, "feature7": 0, "feature8": 0, "feature9": 1}, "score": 0.725708544254303, "info": {"adv": [40.0, 28.0, 0.0, 2.0, 3.0, 0.0, 0.0, 0.0, 0.0, 0.0, 0.0, 0.0, 0.0, 2.0, 0.0, 1.0, 0.0, 0.0, 0.0, 0.0, 0.0, 0.0, 0.0, 0.0, 1.0, 0.15, 0.14102933837569312, 0.0, 0.0, 0.0, 0.0, 0.0, 2.0, 0.0, 0.0, 0.0, 0.0, 0.0, 0.0, 1.0, 0.0, 13.0, 12.999999999999998, 0.0, 14.000000000000002, 14.0, 0.0, 13.5, 13.5, 0.0, 0.0, 0.0, 0.0, 0.0, 0.0, 0.0, 0.0, 644.0, 1546.0, 4669.0, 0.0, 1.0, 2.0], "budget": 40.5}}