{"config": {"feature0": 0, "feature1": 1, "feature10": 1, "feature11": 1, "feature12": 1, "feature13": 0, "feature14": 1, "feature15": 1, "feature16": 0, "feature17": 1, "feature18": 1, "feature19": 1, "feature2": 0, "feature20": 0, "feature21": 1, "feature22": 0, "feature23": 1, "feature24": 0, "feature25": 0, "feature26": 0, "feature27": 0, "feature28": 1, "feature29": 1, "feature3": 1, "feature30": 1, "feature31": 1, "feature32": 0, "feature33": 0, "feature34": 0, "feature35": 1, "feature36": 1, "feature37": 0, "feature38": 0, "feature39": 1, "feature4": 0, "feature40": 0, "feature41": 0, "feature42": 0, "feature43": 1, "feature44": 0, "feature45": 0, "feature46": 0, "feature47": 0, "feature48": 0, "feature49": 1, "feature5": 1, "feature50": 1, "feature51": 0, "feature52": 0, "feature53": 1, "feature54": 1, "feature55": 0, "feature56": 0, "feature57": 1, "feature58": 0, "feature59": 1, "feature6": 1, "feature60": 0, "feature61": 1, "feature62": 0, "feature7": 0, "feature8": 0, "feature9": 1}, "score": 0.6398283839225769, "info": {"adv": [25.999999999999996, 4.0, 0.0, 1.0, 2.0, 0.0, 0.0, 0.0, 0.0, 0.0, 0.0, 0.0, 0.0, 2.0, 0.0, 1.0, 0.0, 0.0, 0.0, 0.0, 0.0, 0.0, 0.0, 0.0, 1.0, 0.01729163406568763, 0.0, 0.0, 0.0, 0.0, 0.0, 0.0, 2.0, 0.0, 0.0, 0.0, 0.0, 0.0, 0.0, 2.0, 0.0, 7.0, 7.0, 0.0, 2.0, 7.0, 2.0, 7.5, 7.500000000000001, 9.830154023129444, 0.0, 0.0, 0.0, 0.0, 0.0, 0.0, 0.0, 252.00000000000003, 7618.0, 0.0, 0.0, 1.0, 1.0], "budget": 81.0}}