{"config": {"feature0": 1, "feature1": 1, "feature10": 1, "feature11": 1, "feature12": 1, "feature13": 0, "feature14": 0, "feature15": 0, "feature16": 0, "feature17": 1, "feature18": 0, "feature19": 0, "feature2": 1, "feature20": 1, "feature21": 0, "feature22": 1, "feature23": 0, "feature24": 1, "feature25": 1, "feature26": 0, "feature27": 0, "feature28": 1, "feature29": 1, "feature3": 0, "feature30": 0, "feature31": 1, "feature32": 0, "feature33": 0, "feature34": 1, "feature35": 0, "feature36": 0, "feature37": 1, "feature38": 1, "feature39": 0, "feature4": 0, "feature40": 0, "feature41": 0, "feature42": 1, "feature43": 1, "feature44": 1, "feature45": 1, "feature46": 0, "feature47": 1, "feature48": 1, "feature49": 1, "feature5": 0, "feature50": 0, "feature51": 0, "feature52": 0, "feature53": 1, "feature54": 0, "feature55": 0, "feature56": 1, "feature57": 0, "feature58": 1, "feature59": 1, "feature6": 1, "feature60": 0, "feature61": 1, "feature62": 0, "feature7": 0, "feature8": 0, "feature9": 0}, "score": 0.5902968645095825, "info": {"adv": [137.0, 14.0, 0.0, 3.0, 3.0, 0.0, 1.0, 0.0, 0.0, 1.0, 1.0, 0.0, 4.0, 6.0, 0.0, 1.0, 0.0, 0.0, 0.0, 0.0, 0.0, 0.0, 0.0, 0.0, 1.0, 0.003520402500780716, 0.0, 0.0, 0.0, 0.0, 0.0, 0.0, 2.0, 1.0, 0.0, 0.0, 0.0, 0.0, 0.0, 13.0, 0.0, 2.0, 9.0, 4.0, 8.0, 9.0, 8.0, 5.25, 9.0, 17.976817576495137, 2.0, 0.0, 0.0, 0.0, 0.0, 0.0, 0.0, 338.0, 1693.0, 0.0, 0.0, 1.0, 2.0], "budget": 40.5}}