{"config": {"feature0": 0, "feature1": 0, "feature10": 1, "feature11": 0, "feature12": 1, "feature13": 0, "feature14": 0, "feature15": 0, "feature16": 1, "feature17": 0, "feature18": 1, "feature19": 0, "feature2": 1, "feature20": 0, "feature21": 1, "feature22": 0, "feature23": 0, "feature24": 0, "feature25": 0, "feature26": 0, "feature27": 0, "feature28": 1, "feature29": 1, "feature3": 0, "feature30": 0, "feature31": 0, "feature32": 0, "feature33": 1, "feature34": 1, "feature35": 1, "feature36": 0, "feature37": 0, "feature38": 0, "feature39": 0, "feature4": 0, "feature40": 1, "feature41": 0, "feature42": 1, "feature43": 0, "feature44": 1, "feature45": 0, "feature46": 0, "feature47": 1, "feature48": 0, "feature49": 1, "feature5": 1, "feature50": 0, "feature51": 1, "feature52": 0, "feature53": 0, "feature54": 0, "feature55": 0, "feature56": 0, "feature57": 0, "feature58": 1, "feature59": 1, "feature6": 0, "feature60": 0, "feature61": 0, "feature62": 1, "feature7": 1, "feature8": 1, "feature9": 0}, "score": 0.6070401668548584, "info": {"adv": [73.0, 29.0, 0.0, 4.0, 2.0, 0.0, 0.0, 0.0, 0.0, 0.0, 0.0, 0.0, 7.0, 5.0, 0.0, 1.0, 0.0, 0.0, 0.0, 0.0, 1.0, 0.0, 0.0, 0.0, 1.0, 0.0, 0.0, 0.0, 0.0, 0.0, 0.0, 0.0, 3.0, 0.0, 0.0, 0.0, 0.0, 0.0, 0.0, 12.0, 5.0, 3.0, 4.0, 3.0000000000000004, 3.0, 25.0, 17.0, 7.559276436542209, 12.0, 6.4, 0.0, 0.0, 0.0, 0.0, 0.0, 0.0, 0.0, 345.0, 2941.0, 67962.0, 0.0, 1.0, 0.0], "budget": 40.5}}