{"config": {"feature0": 0, "feature1": 1, "feature10": 1, "feature11": 1, "feature12": 1, "feature13": 1, "feature14": 1, "feature15": 0, "feature16": 0, "feature17": 0, "feature18": 0, "feature19": 0, "feature2": 0, "feature20": 0, "feature21": 1, "feature22": 1, "feature23": 1, "feature24": 1, "feature25": 1, "feature26": 0, "feature27": 1, "feature28": 1, "feature29": 1, "feature3": 0, "feature30": 0, "feature31": 0, "feature32": 0, "feature33": 0, "feature34": 1, "feature35": 0, "feature36": 0, "feature37": 1, "feature38": 0, "feature39": 0, "feature4": 0, "feature40": 1, "feature41": 0, "feature42": 1, "feature43": 0, "feature44": 1, "feature45": 1, "feature46": 1, "feature47": 0, "feature48": 1, "feature49": 0, "feature5": 1, "feature50": 0, "feature51": 1, "feature52": 1, "feature53": 1, "feature54": 0, "feature55": 0, "feature56": 0, "feature57": 0, "feature58": 1, "feature59": 0, "feature6": 1, "feature60": 1, "feature61": 0, "feature62": 0, "feature7": 0, "feature8": 1, "feature9": 1}, "score": 0.7684337496757507, "info": {"adv": [76.0, 39.0, 1.0, 3.0, 3.0, 0.0, 0.0, 0.0, 0.0, 0.0, 0.0, 0.0, 0.0, 4.0, 0.0, 1.0, 0.0, 0.0, 0.0, 0.0, 0.0, 1.0, 0.0, 0.0, 1.0, 0.105263158, 0.0, 0.0, 0.0, 0.0, 1.0, 0.0, 3.0, 1.0, 0.0, 0.0, 0.0, 1.0, 0.0, 12.0, 2.0, 1.0, 3.0, 1.0, 14.999999999999998, 15.0, 14.999999999999998, 4.565551663217406, 8.934051741851416, 14.30233987159367, 0.0, 0.0, 0.0, 0.0, 0.0, 0.0, 0.0, -1.0, 3993.0000000000005, 5707171.000000001, 0.0, 1.0, 0.0], "budget": 10.125}}