{"config": {"feature0": 1, "feature1": 1, "feature10": 1, "feature11": 0, "feature12": 0, "feature13": 0, "feature14": 1, "feature15": 0, "feature16": 0, "feature17": 0, "feature18": 1, "feature19": 0, "feature2": 0, "feature20": 0, "feature21": 0, "feature22": 0, "feature23": 1, "feature24": 1, "feature25": 0, "feature26": 1, "feature27": 0, "feature28": 0, "feature29": 0, "feature3": 0, "feature30": 1, "feature31": 0, "feature32": 1, "feature33": 1, "feature34": 1, "feature35": 1, "feature36": 1, "feature37": 0, "feature38": 1, "feature39": 1, "feature4": 0, "feature40": 0, "feature41": 1, "feature42": 0, "feature43": 0, "feature44": 0, "feature45": 1, "feature46": 0, "feature47": 0, "feature48": 0, "feature49": 1, "feature5": 1, "feature50": 0, "feature51": 0, "feature52": 0, "feature53": 1, "feature54": 1, "feature55": 0, "feature56": 0, "feature57": 0, "feature58": 0, "feature59": 1, "feature6": 1, "feature60": 0, "feature61": 1, "feature62": 0, "feature7": 1, "feature8": 1, "feature9": 1}, "score": 0.7737212181091309, "info": {"adv": [211.0, 52.0, 1.0, 3.0, 4.0, 0.0, 1.0, 0.0, 0.0, 1.0, 2.0, 0.0, 0.0, 3.0, 0.0, 1.0, 0.0, 0.0, 0.0, 1.0, 0.0, 1.0, 0.0, 0.0, 0.0, 0.299212598, 0.2670030641986625, 0.0, 0.0, 0.0, 0.0, 1.0, 3.0, 0.0, 0.0, 0.0, 0.0, 0.0, 0.0, 12.0, 0.0, 2.0, 4.0, 2.0, 7.0, 20.0, 32.0, 8.666666667000001, 8.666666667000001, 20.80874220689654, 0.0, 0.0, 0.0, 0.0, 0.0, 2.0, 0.0, 157.0, 1507.0, 1961062.9999999998, 0.0, 1.0, 0.0], "budget": 5.0625}}