{"config": {"feature0": 0, "feature1": 1, "feature10": 0, "feature11": 1, "feature12": 0, "feature13": 0, "feature14": 0, "feature15": 1, "feature16": 1, "feature17": 0, "feature18": 1, "feature19": 1, "feature2": 0, "feature20": 0, "feature21": 1, "feature22": 0, "feature23": 0, "feature24": 0, "feature25": 0, "feature26": 0, "feature27": 1, "feature28": 0, "feature29": 1, "feature3": 1, "feature30": 0, "feature31": 0, "feature32": 0, "feature33": 0, "feature34": 0, "feature35": 0, "feature36": 0, "feature37": 1, "feature38": 1, "feature39": 1, "feature4": 0, "feature40": 0, "feature41": 0, "feature42": 0, "feature43": 0, "feature44": 1, "feature45": 0, "feature46": 0, "feature47": 0, "feature48": 0, "feature49": 0, "feature5": 0, "feature50": 0, "feature51": 0, "feature52": 1, "feature53": 1, "feature54": 0, "feature55": 1, "feature56": 0, "feature57": 0, "feature58": 1, "feature59": 0, "feature6": 0, "feature60": 0, "feature61": 1, "feature62": 1, "feature7": 0, "feature8": 0, "feature9": 0}, "score": 0.6618841886520386, "info": {"adv": [25.999999999999996, 4.0, 0.0, 1.0, 1.0, 0.0, 0.0, 1.0, 0.0, 0.0, 0.0, 0.0, 0.0, 3.0, 0.0, 1.0, 0.0, 0.0, 0.0, 0.0, 0.0, 1.0, 0.0, 0.0, 1.0, 0.0, 0.0, 0.0, 0.0, 0.0, 0.0, 0.0, 2.0, 1.0, 0.0, 0.0, 0.0, 0.0, 0.0, 7.0, 1.0, 2.0, 2.0, 0.0, 6.0, 6.0, 0.0, 3.666666667, 5.10127265761539, 3.6867674081793402, 0.0, 0.0, 0.0, 0.0, 0.0, 0.0, 1.0, 0.0, 960.0, 808153.0, 0.0, 1.0, 0.0], "budget": 2.53125}}