{"config": {"feature0": 1, "feature1": 1, "feature10": 0, "feature11": 0, "feature12": 0, "feature13": 1, "feature14": 1, "feature15": 0, "feature16": 0, "feature17": 0, "feature18": 0, "feature19": 1, "feature2": 0, "feature20": 1, "feature21": 1, "feature22": 1, "feature23": 0, "feature24": 1, "feature25": 0, "feature26": 0, "feature27": 0, "feature28": 0, "feature29": 1, "feature3": 1, "feature30": 0, "feature31": 1, "feature32": 0, "feature33": 1, "feature34": 1, "feature35": 1, "feature36": 0, "feature37": 1, "feature38": 1, "feature39": 1, "feature4": 1, "feature40": 0, "feature41": 1, "feature42": 1, "feature43": 1, "feature44": 0, "feature45": 1, "feature46": 1, "feature47": 1, "feature48": 1, "feature49": 1, "feature5": 1, "feature50": 1, "feature51": 1, "feature52": 1, "feature53": 0, "feature54": 1, "feature55": 1, "feature56": 0, "feature57": 1, "feature58": 0, "feature59": 1, "feature6": 0, "feature60": 0, "feature61": 1, "feature62": 1, "feature7": 1, "feature8": 1, "feature9": 0}, "score": 0.20701201260089874, "info": {"adv": [154.0, 16.0, 0.0, 2.0, 2.0, 0.0, 1.0, 1.0, 0.0, 2.0, 3.0, 0.0, 1.0, 8.0, 0.0, 3.0, 0.0, 0.0, 0.0, 0.0, 0.0, 1.0, 0.0, 0.0, 0.0, 0.030617557457881254, 0.0, 0.0, 0.0, 1.0, 0.0, 0.0, 2.0, 1.0, 0.0, 1.0, 0.0, 1.0, 0.0, 17.0, 7.0, 1.0, 2.0, 1.0, 2.0, 8.0, 8.0, 6.796845056416758, 7.916817562396985, 6.0, 0.0, 0.0, 0.0, 0.0, 0.0, 0.0, 0.0, 381.0, 8362.0, 267666.0, 0.0, 0.0, 4.0], "budget": 40.5}}