{"config": {"feature0": 1, "feature1": 1, "feature10": 0, "feature11": 1, "feature12": 0, "feature13": 1, "feature14": 0, "feature15": 0, "feature16": 1, "feature17": 0, "feature18": 0, "feature19": 0, "feature2": 1, "feature20": 0, "feature21": 0, "feature22": 0, "feature23": 0, "feature24": 0, "feature25": 0, "feature26": 0, "feature27": 1, "feature28": 0, "feature29": 0, "feature3": 0, "feature30": 0, "feature31": 1, "feature32": 0, "feature33": 1, "feature34": 1, "feature35": 0, "feature36": 1, "feature37": 1, "feature38": 0, "feature39": 0, "feature4": 0, "feature40": 0, "feature41": 0, "feature42": 0, "feature43": 0, "feature44": 1, "feature45": 1, "feature46": 0, "feature47": 1, "feature48": 0, "feature49": 0, "feature5": 0, "feature50": 1, "feature51": 1, "feature52": 1, "feature53": 0, "feature54": 0, "feature55": 0, "feature56": 1, "feature57": 0, "feature58": 0, "feature59": 0, "feature6": 1, "feature60": 0, "feature61": 1, "feature62": 1, "feature7": 0, "feature8": 0, "feature9": 1}, "score": 0.8086246848106384, "info": {"adv": [222.0, 14.0, 0.0, 1.0, 1.0, 0.0, 1.0, 0.0, 0.0, 5.0, 6.999999999999999, 0.0, 0.0, 6.0, 0.0, 1.0, 0.0, 0.0, 0.0, 0.0, 0.0, 0.0, 0.0, 0.0, 0.0, 0.0, 0.0, 0.0, 0.0, 0.0, 0.0, 0.0, 2.0, 0.0, 0.0, 0.0, 0.0, 0.0, 0.0, 21.0, 0.0, 1.0, 2.0, 1.0, 14.999999999999998, 4.0, 0.0, 3.416243105882574, 6.359481648288897, 6.714285714, 0.0, 0.0, 0.0, 0.0, 0.0, 0.0, 0.0, 213.0, 154.0, 8964069.0, 0.0, 1.0, 0.0], "budget": 10.125}}