{"config": {"feature0": 1, "feature1": 0, "feature10": 0, "feature11": 1, "feature12": 1, "feature13": 1, "feature14": 0, "feature15": 1, "feature16": 1, "feature17": 1, "feature18": 0, "feature19": 0, "feature2": 0, "feature20": 1, "feature21": 0, "feature22": 0, "feature23": 1, "feature24": 0, "feature25": 1, "feature26": 0, "feature27": 0, "feature28": 0, "feature29": 1, "feature3": 0, "feature30": 1, "feature31": 1, "feature32": 0, "feature33": 1, "feature34": 1, "feature35": 0, "feature36": 1, "feature37": 0, "feature38": 0, "feature39": 1, "feature4": 1, "feature40": 0, "feature41": 1, "feature42": 0, "feature43": 1, "feature44": 0, "feature45": 1, "feature46": 0, "feature47": 0, "feature48": 1, "feature49": 0, "feature5": 0, "feature50": 0, "feature51": 0, "feature52": 1, "feature53": 1, "feature54": 0, "feature55": 0, "feature56": 0, "feature57": 1, "feature58": 0, "feature59": 1, "feature6": 1, "feature60": 1, "feature61": 0, "feature62": 0, "feature7": 1, "feature8": 0, "feature9": 0}, "score": 0.5884987115859985, "info": {"adv": [177.0, 13.0, 0.0, 1.0, 3.0, 0.0, 1.0, 0.0, 0.0, 1.0, 1.0, 0.0, 0.0, 6.0, 0.0, 1.0, 0.0, 0.0, 0.0, 0.0, 0.0, 0.0, 0.0, 0.0, 1.0, 0.03373469861042847, 0.0, 0.0, 0.0, 0.0, 0.0, 0.0, 2.0, 1.0, 0.0, 0.0, 0.0, 0.0, 0.0, 8.0, 0.0, 2.0, 9.0, 4.0, 9.0, 9.0, 8.0, 5.25, 9.562613856424344, 20.006191670039666, 2.0, 0.0, 0.0, 0.0, 0.0, 0.0, 0.0, 757.0, 1853.0, 0.0, 0.0, 1.0, 2.0], "budget": 81.0}}