{"config": {"feature0": 1, "feature1": 1, "feature10": 0, "feature11": 0, "feature12": 1, "feature13": 0, "feature14": 0, "feature15": 0, "feature16": 0, "feature17": 1, "feature18": 0, "feature19": 0, "feature2": 1, "feature20": 1, "feature21": 0, "feature22": 0, "feature23": 0, "feature24": 0, "feature25": 0, "feature26": 1, "feature27": 0, "feature28": 0, "feature29": 1, "feature3": 0, "feature30": 0, "feature31": 0, "feature32": 0, "feature33": 1, "feature34": 0, "feature35": 1, "feature36": 1, "feature37": 0, "feature38": 0, "feature39": 1, "feature4": 1, "feature40": 1, "feature41": 0, "feature42": 1, "feature43": 0, "feature44": 1, "feature45": 1, "feature46": 1, "feature47": 1, "feature48": 1, "feature49": 1, "feature5": 1, "feature50": 1, "feature51": 1, "feature52": 0, "feature53": 0, "feature54": 1, "feature55": 1, "feature56": 1, "feature57": 0, "feature58": 0, "feature59": 0, "feature6": 1, "feature60": 0, "feature61": 1, "feature62": 0, "feature7": 0, "feature8": 0, "feature9": 1}, "score": 0.8203540444374084, "info": {"adv": [109.0, 4.0, 1.0, 2.0, 6.0, 0.0, 0.0, 0.0, 0.0, 0.0, 0.0, 0.0, 1.0, 6.0, 0.0, 1.0, 0.0, 0.0, 0.0, 0.0, 0.0, 0.0, 0.0, 0.0, 1.0, 0.43750000000000006, 0.14285714300000002, 0.0, 0.0, 0.0, 0.0, 0.0, 2.0, 1.0, 0.0, 0.0, 0.0, 0.0, 0.0, 15.0, 8.0, 3.0, 3.0, 3.0, 4.0, 10.0, 3.0, 13.963374755618796, 4.5, 14.28571429, 1.0, 0.0, 0.0, 0.0, 0.0, 0.0, 0.0, 89.0, 602.0, 0.0, 0.0, 1.0, 0.0], "budget": 40.5}}