{"config": {"feature0": 1, "feature1": 1, "feature10": 0, "feature11": 0, "feature12": 1, "feature13": 0, "feature14": 1, "feature15": 1, "feature16": 0, "feature17": 0, "feature18": 1, "feature19": 0, "feature2": 0, "feature20": 0, "feature21": 0, "feature22": 0, "feature23": 1, "feature24": 0, "feature25": 1, "feature26": 1, "feature27": 0, "feature28": 1, "feature29": 0, "feature3": 0, "feature30": 1, "feature31": 0, "feature32": 0, "feature33": 0, "feature34": 1, "feature35": 1, "feature36": 0, "feature37": 1, "feature38": 1, "feature39": 1, "feature4": 1, "feature40": 0, "feature41": 1, "feature42": 0, "feature43": 0, "feature44": 0, "feature45": 1, "feature46": 1, "feature47": 1, "feature48": 0, "feature49": 1, "feature5": 1, "feature50": 0, "feature51": 1, "feature52": 1, "feature53": 1, "feature54": 0, "feature55": 0, "feature56": 0, "feature57": 0, "feature58": 0, "feature59": 0, "feature6": 1, "feature60": 1, "feature61": 1, "feature62": 0, "feature7": 1, "feature8": 1, "feature9": 0}, "score": 0.6669180989265442, "info": {"adv": [108.0, 20.0, 0.0, 2.0, 3.0, 0.0, 0.0, 0.0, 0.0, 0.0, 0.0, 0.0, 0.0, 8.0, 0.0, 1.0, 0.0, 0.0, 0.0, 0.0, 1.0, 0.0, 0.0, 0.0, 1.0, 0.0, 0.0, 0.0, 0.0, 0.0, 0.0, 0.0, 2.0, 1.0, 0.0, 0.0, 0.0, 0.0, 0.0, 8.0, 8.0, 2.0, 3.0, 2.0, 2.0, 18.0, 11.0, 5.186572813808111, 10.323270671921716, 23.821363326908788, 2.0, 0.0, 0.0, 0.0, 0.0, 0.0, 0.0, 2276.0, 3039.0, 0.0, 0.0, 1.0, 0.0], "budget": 10.125}}