{"config": {"feature0": 1, "feature1": 0, "feature10": 1, "feature11": 1, "feature12": 1, "feature13": 1, "feature14": 0, "feature15": 0, "feature16": 1, "feature17": 0, "feature18": 1, "feature19": 0, "feature2": 1, "feature20": 0, "feature21": 1, "feature22": 0, "feature23": 1, "feature24": 1, "feature25": 1, "feature26": 0, "feature27": 1, "feature28": 1, "feature29": 0, "feature3": 0, "feature30": 1, "feature31": 1, "feature32": 1, "feature33": 0, "feature34": 1, "feature35": 1, "feature36": 0, "feature37": 1, "feature38": 0, "feature39": 0, "feature4": 1, "feature40": 1, "feature41": 1, "feature42": 1, "feature43": 1, "feature44": 1, "feature45": 1, "feature46": 0, "feature47": 0, "feature48": 1, "feature49": 1, "feature5": 0, "feature50": 0, "feature51": 0, "feature52": 1, "feature53": 1, "feature54": 1, "feature55": 1, "feature56": 1, "feature57": 1, "feature58": 0, "feature59": 0, "feature6": 0, "feature60": 0, "feature61": 1, "feature62": 1, "feature7": 1, "feature8": 1, "feature9": 1}, "score": 0.5492619276046753, "info": {"adv": [55.0, 32.99999999999999, 0.0, 2.0, 2.0, 0.0, 0.0, 0.0, 0.0, 0.0, 0.0, 0.0, 0.0, 2.0, 0.0, 1.0, 0.0, 0.0, 0.0, 0.0, 0.0, 0.0, 0.0, 0.0, 1.0, 0.0, 0.0, 0.0, 0.0, 0.0, 0.0, 0.0, 2.0, 0.0, 0.0, 1.0, 0.0, 1.0, 0.0, 7.0, 7.0, 8.0, 8.0, 0.0, 2.0, 20.0, 0.0, 14.0, 14.657913756212585, 6.2691017154291675, 0.0, 1.0, 0.0, 0.0, 0.0, 0.0, 0.0, 374.0, 7545.0, 0.0, 0.0, 1.0, 5.0], "budget": 81.0}}