{"config": {"feature0": 1, "feature1": 1, "feature10": 0, "feature11": 1, "feature12": 1, "feature13": 0, "feature14": 1, "feature15": 1, "feature16": 0, "feature17": 1, "feature18": 0, "feature19": 0, "feature2": 1, "feature20": 0, "feature21": 1, "feature22": 0, "feature23": 1, "feature24": 1, "feature25": 0, "feature26": 1, "feature27": 0, "feature28": 0, "feature29": 0, "feature3": 1, "feature30": 0, "feature31": 0, "feature32": 0, "feature33": 0, "feature34": 0, "feature35": 0, "feature36": 0, "feature37": 1, "feature38": 1, "feature39": 0, "feature4": 0, "feature40": 1, "feature41": 1, "feature42": 0, "feature43": 0, "feature44": 1, "feature45": 0, "feature46": 1, "feature47": 0, "feature48": 1, "feature49": 1, "feature5": 1, "feature50": 0, "feature51": 0, "feature52": 1, "feature53": 1, "feature54": 0, "feature55": 0, "feature56": 0, "feature57": 0, "feature58": 0, "feature59": 0, "feature6": 0, "feature60": 1, "feature61": 0, "feature62": 1, "feature7": 0, "feature8": 1, "feature9": 1}, "score": 0.7926623225212097, "info": {"adv": [125.0, 6.0, 0.0, 1.0, 2.0, 0.0, 0.0, 0.0, 0.0, 0.0, 0.0, 0.0, 3.0, 4.0, 0.0, 1.0, 0.0, 0.0, 1.0, 1.0, 0.0, 0.0, 0.0, 0.0, 0.0, 0.066666667, 0.0, 0.0, 0.0, 0.0, 0.0, 0.0, 1.0, 0.0, 0.0, 0.0, 0.0, 0.0, 0.0, 1.0, 0.0, 1.0, 12.0, 1.0, 2.0, 12.0, 2.0, 5.0, 11.776842218928566, 1.4824915911074805, 0.0, 0.0, 0.0, 0.0, 0.0, 0.0, 0.0, 1593.0, 116.0, 336115.0, 0.0, 1.0, 0.0], "budget": 40.5}}