{"config": {"feature0": 0, "feature1": 0, "feature10": 0, "feature11": 0, "feature12": 1, "feature13": 0, "feature14": 0, "feature15": 1, "feature16": 1, "feature17": 0, "feature18": 0, "feature19": 0, "feature2": 1, "feature20": 1, "feature21": 0, "feature22": 1, "feature23": 0, "feature24": 0, "feature25": 0, "feature26": 1, "feature27": 1, "feature28": 1, "feature29": 0, "feature3": 0, "feature30": 0, "feature31": 0, "feature32": 0, "feature33": 1, "feature34": 1, "feature35": 0, "feature36": 1, "feature37": 1, "feature38": 0, "feature39": 0, "feature4": 1, "feature40": 0, "feature41": 0, "feature42": 0, "feature43": 0, "feature44": 1, "feature45": 0, "feature46": 1, "feature47": 1, "feature48": 0, "feature49": 0, "feature5": 0, "feature50": 0, "feature51": 0, "feature52": 0, "feature53": 1, "feature54": 0, "feature55": 0, "feature56": 0, "feature57": 0, "feature58": 1, "feature59": 0, "feature6": 1, "feature60": 1, "feature61": 1, "feature62": 0, "feature7": 1, "feature8": 1, "feature9": 0}, "score": 0.5919721126556396, "info": {"adv": [62.00000000000001, 13.0, 0.0, 2.0, 3.0, 0.0, 1.0, 0.0, 0.0, 1.0, 1.0, 0.0, 0.0, 5.0, 0.0, 1.0, 0.0, 0.0, 0.0, 1.0, 0.0, 0.0, 0.0, 0.0, 1.0, 0.016129031999999998, 0.0, 0.0, 0.0, 0.0, 0.0, 0.0, 2.0, 1.0, 0.0, 0.0, 0.0, 0.0, 0.0, 10.0, 0.0, 2.0, 9.0, 2.0, 9.0, 9.0, 8.0, 5.25, 9.0, 17.601992287364524, 2.0, 0.0, 0.0, 0.0, 0.0, 0.0, 0.0, -1.0, 1169.0, 0.0, 0.0, 1.0, 2.0], "budget": 5.0625}}