{"config": {"feature0": 0, "feature1": 1, "feature10": 1, "feature11": 0, "feature12": 1, "feature13": 0, "feature14": 1, "feature15": 0, "feature16": 0, "feature17": 0, "feature18": 1, "feature19": 0, "feature2": 1, "feature20": 0, "feature21": 1, "feature22": 1, "feature23": 0, "feature24": 0, "feature25": 0, "feature26": 1, "feature27": 0, "feature28": 0, "feature29": 1, "feature3": 0, "feature30": 0, "feature31": 1, "feature32": 1, "feature33": 0, "feature34": 0, "feature35": 0, "feature36": 0, "feature37": 0, "feature38": 0, "feature39": 1, "feature4": 1, "feature40": 1, "feature41": 1, "feature42": 1, "feature43": 0, "feature44": 1, "feature45": 1, "feature46": 1, "feature47": 0, "feature48": 1, "feature49": 1, "feature5": 0, "feature50": 0, "feature51": 1, "feature52": 1, "feature53": 0, "feature54": 0, "feature55": 0, "feature56": 0, "feature57": 0, "feature58": 1, "feature59": 0, "feature6": 0, "feature60": 1, "feature61": 0, "feature62": 0, "feature7": 0, "feature8": 0, "feature9": 1}, "score": 0.6855253577232361, "info": {"adv": [47.0, 13.0, 0.0, 2.0, 3.0, 0.0, 0.0, 0.0, 0.0, 0.0, 0.0, 0.0, 5.0, 8.0, 0.0, 1.0, 0.0, 0.0, 0.0, 0.0, 1.0, 0.0, 0.0, 0.0, 1.0, 0.01133475743046037, 0.0031947033907418093, 0.0, 0.0, 0.0, 0.0, 0.0, 2.0, 0.0, 0.0, 0.0, 0.0, 0.0, 0.0, 10.0, 2.0, 2.0, 3.0, 2.0, 2.0, 9.0, 9.0, 2.0, 8.001575855509662, 3.4, 1.0, 0.0, 0.0, 0.0, 0.0, 0.0, 0.0, -1.0, 2573.0, 0.0, 0.0, 1.0, 0.0], "budget": 2.53125}}