{"config": {"feature0": 0, "feature1": 0, "feature10": 1, "feature11": 1, "feature12": 1, "feature13": 0, "feature14": 0, "feature15": 0, "feature16": 1, "feature17": 0, "feature18": 0, "feature19": 0, "feature2": 0, "feature20": 1, "feature21": 0, "feature22": 1, "feature23": 0, "feature24": 1, "feature25": 1, "feature26": 0, "feature27": 1, "feature28": 1, "feature29": 0, "feature3": 0, "feature30": 1, "feature31": 1, "feature32": 1, "feature33": 1, "feature34": 1, "feature35": 0, "feature36": 0, "feature37": 0, "feature38": 1, "feature39": 1, "feature4": 1, "feature40": 0, "feature41": 0, "feature42": 0, "feature43": 0, "feature44": 1, "feature45": 0, "feature46": 0, "feature47": 0, "feature48": 0, "feature49": 0, "feature5": 0, "feature50": 0, "feature51": 0, "feature52": 0, "feature53": 1, "feature54": 0, "feature55": 1, "feature56": 0, "feature57": 0, "feature58": 0, "feature59": 1, "feature6": 0, "feature60": 0, "feature61": 1, "feature62": 0, "feature7": 1, "feature8": 1, "feature9": 0}, "score": 0.6475202441215515, "info": {"adv": [54.0, 17.0, 0.0, 2.0, 2.0, 0.0, 0.0, 0.0, 0.0, 0.0, 0.0, 0.0, 0.0, 5.0, 0.0, 1.0, 0.0, 0.0, 0.0, 0.0, 0.0, 0.0, 0.0, 0.0, 0.0, 0.011644264765063264, 0.0, 0.0, 0.0, 0.0, 1.0, 0.0, 3.0, 0.0, 0.0, 0.0, 0.0, 2.0, 0.0, 11.0, 0.0, 3.0, 5.0, 3.0000000000000004, 8.0, 8.0, 6.0, 5.285714286, 6.499999999999999, 19.74212093370435, 2.0, 0.0, 0.0, 0.0, 0.0, 0.0, 0.0, 328.0, 1462.0, 1037324.0, 0.0, 1.0, 2.0], "budget": 20.25}}