{"config": {"feature0": 0, "feature1": 1, "feature10": 0, "feature11": 0, "feature12": 1, "feature13": 0, "feature14": 1, "feature15": 0, "feature16": 0, "feature17": 0, "feature18": 1, "feature19": 0, "feature2": 1, "feature20": 1, "feature21": 0, "feature22": 1, "feature23": 0, "feature24": 0, "feature25": 1, "feature26": 1, "feature27": 0, "feature28": 0, "feature29": 1, "feature3": 1, "feature30": 1, "feature31": 0, "feature32": 0, "feature33": 0, "feature34": 1, "feature35": 1, "feature36": 1, "feature37": 1, "feature38": 1, "feature39": 0, "feature4": 0, "feature40": 1, "feature41": 0, "feature42": 1, "feature43": 0, "feature44": 1, "feature45": 0, "feature46": 0, "feature47": 1, "feature48": 1, "feature49": 1, "feature5": 1, "feature50": 1, "feature51": 0, "feature52": 1, "feature53": 0, "feature54": 0, "feature55": 1, "feature56": 1, "feature57": 0, "feature58": 0, "feature59": 0, "feature6": 0, "feature60": 0, "feature61": 0, "feature62": 1, "feature7": 1, "feature8": 1, "feature9": 0}, "score": 0.6907618641853333, "info": {"adv": [46.0, 11.0, 0.0, 2.0, 2.0, 0.0, 1.0, 0.0, 0.0, 0.0, 0.0, 0.0, 4.0, 2.0, 0.0, 1.0, 0.0, 0.0, 0.0, 0.0, 0.0, 0.0, 0.0, 0.0, 1.0, 0.0, 0.0, 0.0, 0.0, 0.0, 0.0, 0.0, 2.0, 0.0, 0.0, 0.0, 0.0, 0.0, 0.0, 6.0, 1.0, 3.0, 13.0, 3.0, 2.0, 14.0, 0.0, 8.0, 12.02737383930239, 6.666666667, 0.0, 0.0, 0.0, 0.0, 0.0, 0.0, 0.0, 364.0, 0.0, 321786.0, 0.0, 1.0, 0.0], "budget": 5.0625}}