{"config": {"feature0": 1, "feature1": 1, "feature10": 0, "feature11": 0, "feature12": 1, "feature13": 1, "feature14": 1, "feature15": 0, "feature16": 0, "feature17": 0, "feature18": 0, "feature19": 0, "feature2": 1, "feature20": 0, "feature21": 0, "feature22": 0, "feature23": 0, "feature24": 1, "feature25": 1, "feature26": 0, "feature27": 1, "feature28": 1, "feature29": 1, "feature3": 1, "feature30": 1, "feature31": 0, "feature32": 0, "feature33": 1, "feature34": 1, "feature35": 1, "feature36": 0, "feature37": 0, "feature38": 0, "feature39": 0, "feature4": 1, "feature40": 1, "feature41": 1, "feature42": 0, "feature43": 0, "feature44": 1, "feature45": 0, "feature46": 0, "feature47": 1, "feature48": 0, "feature49": 1, "feature5": 0, "feature50": 1, "feature51": 0, "feature52": 1, "feature53": 1, "feature54": 0, "feature55": 1, "feature56": 0, "feature57": 1, "feature58": 1, "feature59": 0, "feature6": 1, "feature60": 1, "feature61": 0, "feature62": 1, "feature7": 0, "feature8": 0, "feature9": 1}, "score": 0.7316813468933105, "info": {"adv": [35.0, 15.0, 1.0, 2.0, 2.0, 0.0, 0.0, 0.0, 0.0, 0.0, 1.0, 0.0, 3.0, 7.0, 0.0, 1.0, 0.0, 0.0, 0.0, 0.0, 0.0, 2.0, 0.0, 0.0, 1.0, 0.227272727, 0.0, 0.0, 0.0, 0.0, 0.0, 0.0, 2.0, 0.0, 0.0, 0.0, 0.0, 0.0, 0.0, 11.0, 0.0, 2.0, 16.0, 2.0, 2.0, 15.0, 8.0, 11.5, 13.813381956040573, 20.20984009094819, 0.0, 0.0, 0.0, 0.0, 0.0, 0.0, 0.0, -1.0, 3206.0, 566095.0, 0.0, 1.0, 0.0], "budget": 20.25}}