{"config": {"feature0": 0, "feature1": 1, "feature10": 0, "feature11": 1, "feature12": 1, "feature13": 0, "feature14": 0, "feature15": 0, "feature16": 0, "feature17": 0, "feature18": 0, "feature19": 0, "feature2": 0, "feature20": 0, "feature21": 0, "feature22": 1, "feature23": 1, "feature24": 1, "feature25": 0, "feature26": 0, "feature27": 1, "feature28": 0, "feature29": 0, "feature3": 0, "feature30": 1, "feature31": 1, "feature32": 0, "feature33": 1, "feature34": 0, "feature35": 0, "feature36": 0, "feature37": 1, "feature38": 1, "feature39": 1, "feature4": 0, "feature40": 0, "feature41": 0, "feature42": 0, "feature43": 0, "feature44": 1, "feature45": 0, "feature46": 0, "feature47": 0, "feature48": 1, "feature49": 0, "feature5": 1, "feature50": 1, "feature51": 1, "feature52": 1, "feature53": 1, "feature54": 0, "feature55": 1, "feature56": 1, "feature57": 0, "feature58": 0, "feature59": 0, "feature6": 1, "feature60": 0, "feature61": 0, "feature62": 1, "feature7": 0, "feature8": 0, "feature9": 1}, "score": 0.5217973589897156, "info": {"adv": [60.0, 18.0, 0.0, 1.0, 2.0, 0.0, 0.0, 0.0, 0.0, 0.0, 0.0, 1.0, 0.0, 4.0, 0.0, 1.0, 0.0, 0.0, 0.0, 0.0, 0.0, 0.0, 0.0, 0.0, 1.0, 0.16721185993543697, 0.0, 0.0, 0.0, 0.0, 0.0, 0.0, 2.0, 0.0, 0.0, 0.0, 0.0, 0.0, 0.0, 7.0, 1.0, 3.0, 4.0, 2.0, 16.0, 17.0, 0.0, 3.119373044960784, 12.178918680551105, 22.97939647250128, 0.0, 0.0, 0.0, 0.0, 0.0, 0.0, 0.0, 0.0, 667.0, 358559.0, 0.0, 1.0, 0.0], "budget": 10.125}}