{"config": {"feature0": 0, "feature1": 0, "feature10": 0, "feature11": 1, "feature12": 1, "feature13": 0, "feature14": 0, "feature15": 0, "feature16": 0, "feature17": 0, "feature18": 0, "feature19": 0, "feature2": 1, "feature20": 1, "feature21": 0, "feature22": 1, "feature23": 0, "feature24": 1, "feature25": 0, "feature26": 1, "feature27": 0, "feature28": 0, "feature29": 0, "feature3": 0, "feature30": 1, "feature31": 1, "feature32": 1, "feature33": 1, "feature34": 1, "feature35": 0, "feature36": 0, "feature37": 1, "feature38": 0, "feature39": 1, "feature4": 1, "feature40": 1, "feature41": 0, "feature42": 1, "feature43": 1, "feature44": 0, "feature45": 0, "feature46": 0, "feature47": 0, "feature48": 1, "feature49": 1, "feature5": 1, "feature50": 0, "feature51": 0, "feature52": 0, "feature53": 1, "feature54": 0, "feature55": 0, "feature56": 0, "feature57": 1, "feature58": 0, "feature59": 0, "feature6": 0, "feature60": 1, "feature61": 1, "feature62": 1, "feature7": 1, "feature8": 0, "feature9": 0}, "score": 0.7141724824905396, "info": {"adv": [29.0, 13.0, 1.0, 2.0, 2.0, 0.0, 0.0, 0.0, 0.0, 0.0, 0.0, 0.0, 0.0, 4.0, 0.0, 1.0, 0.0, 0.0, 0.0, 1.0, 0.0, 0.0, 0.0, 0.0, 1.0, 0.3864227068591109, 0.7406532825146833, 0.0, 0.0, 1.0, 1.0, 1.0, 3.0, 0.0, 0.0, 0.0, 0.0, 0.0, 0.0, 9.999999999999998, 0.0, 2.0, 2.0, 1.0, 2.0, 1.0, 5.0, 2.7, 2.5, 0.0, 1.0, 0.0, 0.0, 0.0, 0.0, 2.0, 1.0, -1.0, 647.0, 0.0, 1.0, 0.0, 0.0], "budget": 40.5}}