{"config": {"feature0": 1, "feature1": 0, "feature10": 0, "feature11": 1, "feature12": 1, "feature13": 1, "feature14": 0, "feature15": 0, "feature16": 1, "feature17": 1, "feature18": 0, "feature19": 0, "feature2": 1, "feature20": 1, "feature21": 0, "feature22": 1, "feature23": 0, "feature24": 0, "feature25": 0, "feature26": 0, "feature27": 1, "feature28": 0, "feature29": 1, "feature3": 1, "feature30": 0, "feature31": 1, "feature32": 0, "feature33": 0, "feature34": 0, "feature35": 1, "feature36": 1, "feature37": 1, "feature38": 1, "feature39": 1, "feature4": 0, "feature40": 1, "feature41": 0, "feature42": 1, "feature43": 0, "feature44": 0, "feature45": 1, "feature46": 0, "feature47": 0, "feature48": 1, "feature49": 1, "feature5": 1, "feature50": 0, "feature51": 0, "feature52": 1, "feature53": 1, "feature54": 0, "feature55": 0, "feature56": 1, "feature57": 0, "feature58": 1, "feature59": 1, "feature6": 0, "feature60": 1, "feature61": 0, "feature62": 1, "feature7": 1, "feature8": 1, "feature9": 0}, "score": 0.7154181003570557, "info": {"adv": [115.0, 23.0, 0.0, 2.0, 3.0, 0.0, 0.0, 0.0, 0.0, 1.0, 0.0, 0.0, 2.0, 7.0, 0.0, 1.0, 0.0, 0.0, 0.0, 0.0, 1.0, 0.0, 0.0, 0.0, 1.0, 0.04077457909430986, 0.0, 0.0, 0.0, 0.0, 0.0, 0.0, 2.0, 1.0, 0.0, 0.0, 0.0, 0.0, 0.0, 8.0, 3.0, 2.0, 3.0, 3.0, 2.0, 18.0, 8.0, 6.375, 7.172574441355118, 18.318435889757975, 3.0000000000000004, 0.0, 0.0, 0.0, 0.0, 0.0, 0.0, 316.0, 778.0, 88577.0, 0.0, 1.0, 0.0], "budget": 81.0}}