{"config": {"feature0": 0, "feature1": 1, "feature10": 0, "feature11": 0, "feature12": 1, "feature13": 0, "feature14": 1, "feature15": 0, "feature16": 1, "feature17": 0, "feature18": 1, "feature19": 0, "feature2": 0, "feature20": 1, "feature21": 0, "feature22": 1, "feature23": 0, "feature24": 1, "feature25": 1, "feature26": 1, "feature27": 0, "feature28": 0, "feature29": 0, "feature3": 0, "feature30": 0, "feature31": 1, "feature32": 0, "feature33": 0, "feature34": 1, "feature35": 0, "feature36": 1, "feature37": 0, "feature38": 0, "feature39": 1, "feature4": 0, "feature40": 1, "feature41": 1, "feature42": 0, "feature43": 1, "feature44": 1, "feature45": 0, "feature46": 0, "feature47": 0, "feature48": 1, "feature49": 0, "feature5": 1, "feature50": 0, "feature51": 0, "feature52": 1, "feature53": 0, "feature54": 0, "feature55": 0, "feature56": 1, "feature57": 0, "feature58": 0, "feature59": 1, "feature6": 0, "feature60": 1, "feature61": 0, "feature62": 0, "feature7": 0, "feature8": 0, "feature9": 0}, "score": 0.883960485458374, "info": {"adv": [85.0, 16.0, 0.0, 2.0, 4.0, 0.0, 0.0, 0.0, 0.0, 0.0, 1.0, 0.0, 0.0, 8.0, 0.0, 1.0, 0.0, 0.0, 0.0, 0.0, 0.0, 0.0, 0.0, 0.0, 1.0, 0.021523342971566408, 0.0, 0.0, 0.0, 0.0, 0.0, 0.0, 2.0, 1.0, 0.0, 0.0, 0.0, 0.0, 0.0, 13.0, 0.0, 2.0, 12.0, 2.0, 12.0, 16.0, 8.0, 5.727272727000001, 11.266414349964114, 5.1, 5.0, 0.0, 0.0, 0.0, 1.0, 0.0, 0.0, 960.0, 4505.0, 0.0, 0.0, 1.0, 0.0], "budget": 81.0}}