{"config": {"feature0": 0, "feature1": 0, "feature10": 0, "feature11": 1, "feature12": 1, "feature13": 1, "feature14": 1, "feature15": 1, "feature16": 1, "feature17": 0, "feature18": 0, "feature19": 0, "feature2": 1, "feature20": 1, "feature21": 0, "feature22": 0, "feature23": 0, "feature24": 0, "feature25": 0, "feature26": 0, "feature27": 0, "feature28": 0, "feature29": 1, "feature3": 1, "feature30": 0, "feature31": 1, "feature32": 0, "feature33": 1, "feature34": 0, "feature35": 0, "feature36": 0, "feature37": 0, "feature38": 0, "feature39": 1, "feature4": 0, "feature40": 1, "feature41": 1, "feature42": 0, "feature43": 1, "feature44": 0, "feature45": 0, "feature46": 0, "feature47": 1, "feature48": 0, "feature49": 0, "feature5": 0, "feature50": 0, "feature51": 1, "feature52": 1, "feature53": 1, "feature54": 0, "feature55": 1, "feature56": 0, "feature57": 1, "feature58": 0, "feature59": 0, "feature6": 1, "feature60": 0, "feature61": 1, "feature62": 0, "feature7": 0, "feature8": 1, "feature9": 1}, "score": 0.5884140133857727, "info": {"adv": [62.00000000000001, 13.0, 0.0, 2.0, 3.0, 0.0, 1.0, 0.0, 0.0, 1.0, 1.0, 0.0, 2.0, 5.0, 0.0, 1.0, 0.0, 0.0, 0.0, 0.0, 0.0, 0.0, 0.0, 0.0, 1.0, 0.041222983018544206, 0.0, 0.0, 0.0, 0.0, 0.0, 0.0, 2.0, 1.0, 0.0, 0.0, 0.0, 0.0, 0.0, 8.0, 0.0, 2.0, 10.0, 2.0, 9.0, 9.0, 8.0, 9.556753360793511, 11.345311632614338, 16.80826456049532, 2.0, 0.0, 0.0, 0.0, 0.0, 0.0, 0.0, 338.0, 1939.0, 0.0, 0.0, 1.0, 2.0], "budget": 81.0}}