{"config": {"feature0": 1, "feature1": 1, "feature10": 0, "feature11": 0, "feature12": 1, "feature13": 0, "feature14": 1, "feature15": 0, "feature16": 0, "feature17": 0, "feature18": 0, "feature19": 1, "feature2": 1, "feature20": 1, "feature21": 0, "feature22": 0, "feature23": 1, "feature24": 1, "feature25": 1, "feature26": 0, "feature27": 0, "feature28": 0, "feature29": 0, "feature3": 1, "feature30": 1, "feature31": 1, "feature32": 0, "feature33": 0, "feature34": 1, "feature35": 0, "feature36": 1, "feature37": 1, "feature38": 0, "feature39": 0, "feature4": 0, "feature40": 0, "feature41": 1, "feature42": 1, "feature43": 0, "feature44": 1, "feature45": 1, "feature46": 0, "feature47": 1, "feature48": 1, "feature49": 0, "feature5": 1, "feature50": 0, "feature51": 1, "feature52": 0, "feature53": 0, "feature54": 0, "feature55": 1, "feature56": 0, "feature57": 0, "feature58": 0, "feature59": 1, "feature6": 0, "feature60": 0, "feature61": 1, "feature62": 0, "feature7": 0, "feature8": 0, "feature9": 0}, "score": 0.7258588075637817, "info": {"adv": [87.0, 4.0, 1.0, 2.0, 3.0, 0.0, 0.0, 0.0, 0.0, 0.0, 0.0, 0.0, 5.0, 6.0, 0.0, 1.0, 0.0, 0.0, 0.0, 0.0, 0.0, 0.0, 0.0, 0.0, 0.0, 0.19374775504929323, 0.0, 0.0, 0.0, 0.0, 0.0, 0.0, 2.0, 1.0, 0.0, 0.0, 0.0, 2.0, 0.0, 11.0, 0.0, 4.0, 12.0, 4.0, 12.0, 8.0, 10.0, 2.0, 12.0, 6.4, 0.0, 0.0, 0.0, 0.0, 0.0, 0.0, 0.0, 43.0, 2629.0, 0.0, 0.0, 1.0, 0.0], "budget": 20.25}}