{"config": {"feature0": 1, "feature1": 1, "feature10": 0, "feature11": 0, "feature12": 1, "feature13": 0, "feature14": 1, "feature15": 1, "feature16": 0, "feature17": 1, "feature18": 1, "feature19": 0, "feature2": 1, "feature20": 0, "feature21": 1, "feature22": 1, "feature23": 1, "feature24": 0, "feature25": 0, "feature26": 0, "feature27": 0, "feature28": 1, "feature29": 0, "feature3": 0, "feature30": 0, "feature31": 1, "feature32": 0, "feature33": 0, "feature34": 0, "feature35": 1, "feature36": 0, "feature37": 0, "feature38": 0, "feature39": 1, "feature4": 1, "feature40": 1, "feature41": 0, "feature42": 1, "feature43": 1, "feature44": 0, "feature45": 0, "feature46": 1, "feature47": 1, "feature48": 1, "feature49": 0, "feature5": 0, "feature50": 0, "feature51": 0, "feature52": 0, "feature53": 1, "feature54": 0, "feature55": 1, "feature56": 0, "feature57": 0, "feature58": 0, "feature59": 0, "feature6": 0, "feature60": 0, "feature61": 0, "feature62": 0, "feature7": 1, "feature8": 0, "feature9": 1}, "score": 0.6913550496101379, "info": {"adv": [50.0, 19.0, 0.0, 4.0, 2.0, 1.0, 1.0, 0.0, 0.0, 1.0, 1.0, 0.0, 5.0, 4.0, 0.0, 1.0, 0.0, 0.0, 0.0, 0.0, 0.0, 1.0, 0.0, 0.0, 0.0, 0.01189547924001751, 0.0, 0.0, 0.0, 0.0, 0.0, 0.0, 3.0, 0.0, 0.0, 0.0, 0.0, 0.0, 0.0, 9.0, 0.0, 2.0, 3.0, 2.0, 16.0, 16.0, 7.000000000000001, 5.444444444, 9.5, 16.68657544530785, 0.0, 0.0, 0.0, 0.0, 0.0, 0.0, 0.0, 156.0, 574.0, 0.0, 0.0, 1.0, 2.0], "budget": 40.5}}