{"config": {"feature0": 0, "feature1": 1, "feature10": 0, "feature11": 1, "feature12": 1, "feature13": 0, "feature14": 0, "feature15": 0, "feature16": 0, "feature17": 0, "feature18": 0, "feature19": 1, "feature2": 1, "feature20": 0, "feature21": 0, "feature22": 0, "feature23": 0, "feature24": 0, "feature25": 0, "feature26": 1, "feature27": 0, "feature28": 1, "feature29": 0, "feature3": 1, "feature30": 1, "feature31": 1, "feature32": 1, "feature33": 0, "feature34": 1, "feature35": 0, "feature36": 0, "feature37": 0, "feature38": 0, "feature39": 0, "feature4": 1, "feature40": 1, "feature41": 0, "feature42": 0, "feature43": 0, "feature44": 0, "feature45": 0, "feature46": 1, "feature47": 1, "feature48": 1, "feature49": 0, "feature5": 0, "feature50": 0, "feature51": 1, "feature52": 1, "feature53": 0, "feature54": 0, "feature55": 0, "feature56": 1, "feature57": 0, "feature58": 1, "feature59": 1, "feature6": 1, "feature60": 1, "feature61": 0, "feature62": 0, "feature7": 1, "feature8": 0, "feature9": 0}, "score": 0.7871652245521545, "info": {"adv": [39.0, 18.0, 0.0, 1.0, 3.0, 0.0, 0.0, 0.0, 0.0, 0.0, 0.0, 0.0, 0.0, 3.0, 0.0, 1.0, 0.0, 0.0, 0.0, 0.0, 0.0, 0.0, 0.0, 0.0, 0.0, 0.14861301831787052, 0.17356619778107296, 0.0, 0.0, 0.0, 0.0, 0.0, 2.0, 1.0, 0.0, 0.0, 0.0, 0.0, 0.0, 3.0, 0.0, 7.0, 7.0, 1.0, 9.0, 9.0, 0.0, 4.365374195304296, 10.169040965950884, 0.0, 0.0, 0.0, 0.0, 0.0, 0.0, 0.0, 0.0, -1.0, 189.0, 0.0, 0.0, 1.0, 2.0], "budget": 81.0}}