{"config": {"feature0": 0, "feature1": 0, "feature10": 0, "feature11": 1, "feature12": 1, "feature13": 0, "feature14": 0, "feature15": 0, "feature16": 1, "feature17": 1, "feature18": 1, "feature19": 1, "feature2": 0, "feature20": 1, "feature21": 0, "feature22": 0, "feature23": 1, "feature24": 0, "feature25": 1, "feature26": 1, "feature27": 0, "feature28": 0, "feature29": 0, "feature3": 0, "feature30": 0, "feature31": 1, "feature32": 0, "feature33": 1, "feature34": 1, "feature35": 0, "feature36": 0, "feature37": 1, "feature38": 0, "feature39": 0, "feature4": 0, "feature40": 0, "feature41": 0, "feature42": 1, "feature43": 1, "feature44": 1, "feature45": 1, "feature46": 1, "feature47": 0, "feature48": 1, "feature49": 1, "feature5": 1, "feature50": 0, "feature51": 1, "feature52": 0, "feature53": 0, "feature54": 0, "feature55": 0, "feature56": 1, "feature57": 0, "feature58": 0, "feature59": 0, "feature6": 0, "feature60": 0, "feature61": 1, "feature62": 0, "feature7": 1, "feature8": 0, "feature9": 0}, "score": 0.4664094150066376, "info": {"adv": [27.0, 13.0, 0.0, 1.0, 2.0, 0.0, 0.0, 0.0, 0.0, 0.0, 0.0, 0.0, 0.0, 4.0, 0.0, 1.0, 0.0, 0.0, 0.0, 1.0, 0.0, 0.0, 0.0, 0.0, 0.0, 0.012529935509907471, 0.0, 0.0, 0.0, 0.0, 0.0, 0.0, 1.0, 0.0, 0.0, 0.0, 0.0, 3.0, 0.0, 5.0, 2.0, 4.0, 9.0, 5.0, 2.0, 7.0, 5.0, 2.7219588900892364, 9.0, 5.0, 0.0, 0.0, 0.0, 0.0, 0.0, 0.0, 0.0, 127.0, 1691.0, 957082.0, 0.0, 1.0, 6.000000000000001], "budget": 40.5}}