{"config": {"feature0": 1, "feature1": 1, "feature10": 0, "feature11": 0, "feature12": 0, "feature13": 0, "feature14": 0, "feature15": 0, "feature16": 0, "feature17": 0, "feature18": 1, "feature19": 1, "feature2": 0, "feature20": 1, "feature21": 0, "feature22": 1, "feature23": 1, "feature24": 0, "feature25": 0, "feature26": 0, "feature27": 1, "feature28": 0, "feature29": 1, "feature3": 0, "feature30": 1, "feature31": 1, "feature32": 0, "feature33": 1, "feature34": 0, "feature35": 0, "feature36": 0, "feature37": 1, "feature38": 0, "feature39": 1, "feature4": 1, "feature40": 0, "feature41": 1, "feature42": 1, "feature43": 0, "feature44": 0, "feature45": 0, "feature46": 0, "feature47": 0, "feature48": 0, "feature49": 1, "feature5": 1, "feature50": 0, "feature51": 1, "feature52": 1, "feature53": 0, "feature54": 0, "feature55": 1, "feature56": 0, "feature57": 0, "feature58": 1, "feature59": 0, "feature6": 1, "feature60": 0, "feature61": 1, "feature62": 0, "feature7": 0, "feature8": 1, "feature9": 0}, "score": 0.20110000669956207, "info": {"adv": [99.0, 11.0, 0.0, 2.0, 0.0, 0.0, 0.0, 0.0, 0.0, 0.0, 0.0, 0.0, 0.0, 2.0, 0.0, 1.0, 0.0, 0.0, 0.0, 0.0, 1.0, 0.0, 0.0, 0.0, 0.0, 0.0, 0.0, 0.0, 0.0, 0.0, 0.0, 0.0, 2.0, 0.0, 0.0, 0.0, 0.0, 0.0, 0.0, 2.0, 3.0, 3.0, 3.0, 0.0, 2.0, 12.0, 0.0, 13.617846302280546, 10.32717299364137, 0.0, 0.0, 0.0, 0.0, 0.0, 0.0, 0.0, 0.0, 49.0, 1017.0, 0.0, 0.0, 0.0, 0.0], "budget": 81.0}}