{"config": {"feature0": 1, "feature1": 1, "feature10": 1, "feature11": 0, "feature12": 1, "feature13": 0, "feature14": 0, "feature15": 1, "feature16": 1, "feature17": 0, "feature18": 0, "feature19": 0, "feature2": 1, "feature20": 1, "feature21": 0, "feature22": 0, "feature23": 0, "feature24": 0, "feature25": 1, "feature26": 0, "feature27": 1, "feature28": 1, "feature29": 1, "feature3": 1, "feature30": 1, "feature31": 0, "feature32": 0, "feature33": 1, "feature34": 0, "feature35": 1, "feature36": 1, "feature37": 1, "feature38": 1, "feature39": 1, "feature4": 0, "feature40": 1, "feature41": 0, "feature42": 0, "feature43": 0, "feature44": 0, "feature45": 0, "feature46": 0, "feature47": 1, "feature48": 0, "feature49": 0, "feature5": 0, "feature50": 0, "feature51": 0, "feature52": 1, "feature53": 1, "feature54": 0, "feature55": 0, "feature56": 0, "feature57": 0, "feature58": 1, "feature59": 1, "feature6": 0, "feature60": 0, "feature61": 1, "feature62": 1, "feature7": 1, "feature8": 0, "feature9": 1}, "score": 0.6490907669067383, "info": {"adv": [116.0, 11.0, 0.0, 3.0, 2.0, 0.0, 1.0, 0.0, 0.0, 1.0, 1.0, 0.0, 6.0, 4.0, 0.0, 1.0, 0.0, 0.0, 0.0, 0.0, 0.0, 0.0, 0.0, 0.0, 0.0, 0.074468085, 0.0, 0.0, 0.0, 0.0, 0.0, 0.0, 3.0, 0.0, 0.0, 0.0, 0.0, 0.0, 0.0, 9.0, 1.0, 2.0, 3.0, 2.0, 23.0, 11.0, 23.0, 8.222222222000001, 6.806803402516954, 19.383185275608824, 0.0, 0.0, 0.0, 0.0, 0.0, 0.0, 0.0, 231.0, 812.0, 479638.0, 0.0, 1.0, 2.0], "budget": 40.5}}