{"config": {"feature0": 0, "feature1": 0, "feature10": 0, "feature11": 0, "feature12": 1, "feature13": 0, "feature14": 0, "feature15": 0, "feature16": 1, "feature17": 1, "feature18": 0, "feature19": 0, "feature2": 0, "feature20": 0, "feature21": 1, "feature22": 0, "feature23": 1, "feature24": 1, "feature25": 0, "feature26": 0, "feature27": 0, "feature28": 1, "feature29": 0, "feature3": 1, "feature30": 1, "feature31": 0, "feature32": 0, "feature33": 0, "feature34": 1, "feature35": 1, "feature36": 1, "feature37": 0, "feature38": 0, "feature39": 0, "feature4": 1, "feature40": 1, "feature41": 0, "feature42": 0, "feature43": 0, "feature44": 0, "feature45": 0, "feature46": 1, "feature47": 1, "feature48": 1, "feature49": 1, "feature5": 0, "feature50": 0, "feature51": 1, "feature52": 1, "feature53": 1, "feature54": 1, "feature55": 0, "feature56": 0, "feature57": 0, "feature58": 1, "feature59": 0, "feature6": 0, "feature60": 0, "feature61": 0, "feature62": 0, "feature7": 0, "feature8": 1, "feature9": 0}, "score": 0.14068596065044403, "info": {"adv": [33.0, 25.0, 0.0, 2.0, 2.0, 0.0, 0.0, 0.0, 0.0, 0.0, 0.0, 0.0, 0.0, 3.0, 0.0, 1.0, 0.0, 0.0, 0.0, 0.0, 0.0, 0.0, 0.0, 0.0, 1.0, 0.0, 0.0, 0.0, 0.0, 0.0, 0.0, 0.0, 2.0, 0.0, 0.0, 0.0, 0.0, 1.0, 0.0, 2.0, 0.0, 7.0, 8.0, 2.0, 2.0, 12.0, 0.0, 11.950169599535192, 12.38859616792869, 15.112513960589025, 1.0, 0.0, 0.0, 0.0, 0.0, 0.0, 0.0, 258.0, 4489.0, 0.0, 0.0, 0.0, 3.0000000000000004], "budget": 20.25}}