{"config": {"feature0": 0, "feature1": 0, "feature10": 0, "feature11": 0, "feature12": 1, "feature13": 1, "feature14": 0, "feature15": 0, "feature16": 1, "feature17": 1, "feature18": 0, "feature19": 1, "feature2": 1, "feature20": 1, "feature21": 1, "feature22": 0, "feature23": 1, "feature24": 0, "feature25": 0, "feature26": 1, "feature27": 1, "feature28": 0, "feature29": 1, "feature3": 0, "feature30": 1, "feature31": 1, "feature32": 0, "feature33": 0, "feature34": 0, "feature35": 1, "feature36": 1, "feature37": 0, "feature38": 0, "feature39": 1, "feature4": 1, "feature40": 1, "feature41": 0, "feature42": 1, "feature43": 1, "feature44": 1, "feature45": 1, "feature46": 1, "feature47": 1, "feature48": 0, "feature49": 1, "feature5": 1, "feature50": 0, "feature51": 0, "feature52": 0, "feature53": 1, "feature54": 0, "feature55": 0, "feature56": 0, "feature57": 0, "feature58": 0, "feature59": 0, "feature6": 0, "feature60": 0, "feature61": 1, "feature62": 1, "feature7": 1, "feature8": 1, "feature9": 0}, "score": 0.5258768200874329, "info": {"adv": [60.0, 27.0, 0.0, 3.0, 1.0, 0.0, 0.0, 0.0, 0.0, 0.0, 0.0, 0.0, 6.0, 5.0, 0.0, 1.0, 0.0, 0.0, 0.0, 0.0, 1.0, 0.0, 0.0, 0.0, 1.0, 0.016688679976641727, 0.0, 0.0, 0.0, 0.0, 0.0, 0.0, 3.0, 0.0, 0.0, 0.0, 0.0, 2.0, 0.0, 9.0, 1.0, 2.0, 3.0, 3.0000000000000004, 2.0, 17.0, 8.0, 7.0, 10.0, 15.29905613373805, 1.0, 0.0, 0.0, 0.0, 0.0, 0.0, 0.0, 43.0, 3862.0, 0.0, 0.0, 1.0, 0.0], "budget": 40.5}}