{"config": {"feature0": 1, "feature1": 1, "feature10": 0, "feature11": 0, "feature12": 1, "feature13": 1, "feature14": 1, "feature15": 0, "feature16": 0, "feature17": 1, "feature18": 0, "feature19": 1, "feature2": 1, "feature20": 0, "feature21": 0, "feature22": 1, "feature23": 0, "feature24": 0, "feature25": 0, "feature26": 0, "feature27": 0, "feature28": 0, "feature29": 1, "feature3": 1, "feature30": 1, "feature31": 1, "feature32": 0, "feature33": 0, "feature34": 1, "feature35": 0, "feature36": 0, "feature37": 1, "feature38": 0, "feature39": 0, "feature4": 0, "feature40": 1, "feature41": 0, "feature42": 1, "feature43": 0, "feature44": 1, "feature45": 0, "feature46": 0, "feature47": 0, "feature48": 0, "feature49": 1, "feature5": 0, "feature50": 0, "feature51": 1, "feature52": 0, "feature53": 1, "feature54": 0, "feature55": 0, "feature56": 0, "feature57": 0, "feature58": 1, "feature59": 0, "feature6": 1, "feature60": 1, "feature61": 1, "feature62": 0, "feature7": 0, "feature8": 0, "feature9": 0}, "score": 0.5822577476501465, "info": {"adv": [111.0, 9.0, 0.0, 2.0, 3.0, 0.0, 1.0, 0.0, 0.0, 1.0, 1.0, 0.0, 5.0, 6.0, 0.0, 1.0, 0.0, 0.0, 0.0, 0.0, 0.0, 0.0, 0.0, 0.0, 1.0, 0.055409468827112326, 0.0, 0.0, 0.0, 0.0, 0.0, 0.0, 2.0, 1.0, 0.0, 0.0, 0.0, 0.0, 0.0, 12.0, 0.0, 2.0, 9.0, 2.0, 2.0, 9.0, 8.0, 11.798596954543067, 9.0, 15.312493070984432, 2.0, 0.0, 0.0, 0.0, 0.0, 0.0, 0.0, 589.0, 1983.0, 0.0, 0.0, 1.0, 2.0], "budget": 128.0}}