{"config": {"feature0": 0, "feature1": 1, "feature10": 0, "feature11": 1, "feature12": 1, "feature13": 0, "feature14": 0, "feature15": 1, "feature16": 1, "feature17": 1, "feature18": 0, "feature19": 0, "feature2": 0, "feature20": 0, "feature21": 0, "feature22": 0, "feature23": 0, "feature24": 0, "feature25": 0, "feature26": 0, "feature27": 0, "feature28": 0, "feature29": 1, "feature3": 1, "feature30": 0, "feature31": 0, "feature32": 0, "feature33": 0, "feature34": 1, "feature35": 1, "feature36": 0, "feature37": 1, "feature38": 0, "feature39": 1, "feature4": 0, "feature40": 1, "feature41": 0, "feature42": 0, "feature43": 1, "feature44": 0, "feature45": 1, "feature46": 1, "feature47": 0, "feature48": 1, "feature49": 0, "feature5": 1, "feature50": 0, "feature51": 0, "feature52": 0, "feature53": 1, "feature54": 0, "feature55": 1, "feature56": 0, "feature57": 0, "feature58": 0, "feature59": 1, "feature6": 0, "feature60": 0, "feature61": 1, "feature62": 0, "feature7": 1, "feature8": 0, "feature9": 1}, "score": 0.8063997626304626, "info": {"adv": [71.0, 4.0, 0.0, 3.0, 2.0, 1.0, 1.0, 0.0, 0.0, 1.0, 0.0, 0.0, 0.0, 5.0, 0.0, 1.0, 0.0, 0.0, 0.0, 0.0, 0.0, 1.0, 0.0, 0.0, 0.0, 0.0, 0.0, 0.0, 0.0, 1.0, 0.0, 0.0, 3.0, 0.0, 0.0, 0.0, 0.0, 0.0, 0.0, 9.0, 0.0, 3.0, 6.0, 4.0, 14.999999999999998, 7.0, 14.999999999999998, 5.666666667, 6.0, 20.134533152009332, 0.0, 0.0, 0.0, 0.0, 0.0, 0.0, 0.0, 1359.0, 3077.0, 4441098.0, 0.0, 1.0, 1.0], "budget": 20.25}}