{"config": {"feature0": 0, "feature1": 1, "feature10": 1, "feature11": 0, "feature12": 1, "feature13": 0, "feature14": 0, "feature15": 0, "feature16": 0, "feature17": 1, "feature18": 1, "feature19": 0, "feature2": 1, "feature20": 1, "feature21": 0, "feature22": 1, "feature23": 0, "feature24": 1, "feature25": 1, "feature26": 1, "feature27": 0, "feature28": 0, "feature29": 0, "feature3": 1, "feature30": 0, "feature31": 1, "feature32": 0, "feature33": 0, "feature34": 0, "feature35": 0, "feature36": 1, "feature37": 0, "feature38": 0, "feature39": 0, "feature4": 0, "feature40": 1, "feature41": 0, "feature42": 0, "feature43": 0, "feature44": 1, "feature45": 0, "feature46": 0, "feature47": 0, "feature48": 1, "feature49": 0, "feature5": 1, "feature50": 0, "feature51": 0, "feature52": 1, "feature53": 1, "feature54": 1, "feature55": 0, "feature56": 0, "feature57": 0, "feature58": 1, "feature59": 1, "feature6": 1, "feature60": 1, "feature61": 1, "feature62": 0, "feature7": 1, "feature8": 0, "feature9": 1}, "score": 0.5682118535041809, "info": {"adv": [103.0, 20.0, 0.0, 2.0, 2.0, 0.0, 0.0, 0.0, 0.0, 0.0, 1.0, 0.0, 5.0, 7.0, 0.0, 1.0, 0.0, 0.0, 0.0, 0.0, 0.0, 0.0, 0.0, 0.0, 1.0, 0.03357742633120266, 0.0, 0.0, 0.0, 0.0, 0.0, 0.0, 2.0, 1.0, 0.0, 0.0, 0.0, 1.0, 0.0, 16.0, 3.0, 4.0, 7.0, 3.0, 19.0, 18.0, 10.0, 8.2, 11.80095378243538, 24.868034816837405, 2.0, 0.0, 0.0, 0.0, 0.0, 0.0, 0.0, 949.0, 2303.0, 5697557.0, 0.0, 1.0, 1.0], "budget": 20.25}}