{"config": {"feature0": 0, "feature1": 1, "feature10": 0, "feature11": 1, "feature12": 1, "feature13": 0, "feature14": 1, "feature15": 1, "feature16": 1, "feature17": 0, "feature18": 1, "feature19": 1, "feature2": 0, "feature20": 0, "feature21": 1, "feature22": 0, "feature23": 0, "feature24": 1, "feature25": 1, "feature26": 0, "feature27": 0, "feature28": 1, "feature29": 0, "feature3": 0, "feature30": 0, "feature31": 1, "feature32": 0, "feature33": 0, "feature34": 1, "feature35": 0, "feature36": 0, "feature37": 0, "feature38": 1, "feature39": 1, "feature4": 0, "feature40": 0, "feature41": 1, "feature42": 0, "feature43": 1, "feature44": 1, "feature45": 0, "feature46": 0, "feature47": 1, "feature48": 1, "feature49": 1, "feature5": 1, "feature50": 0, "feature51": 1, "feature52": 0, "feature53": 1, "feature54": 1, "feature55": 0, "feature56": 0, "feature57": 0, "feature58": 1, "feature59": 0, "feature6": 0, "feature60": 1, "feature61": 0, "feature62": 1, "feature7": 0, "feature8": 0, "feature9": 0}, "score": 0.5824533700942993, "info": {"adv": [62.00000000000001, 4.0, 0.0, 2.0, 3.0, 0.0, 1.0, 0.0, 0.0, 1.0, 1.0, 0.0, 0.0, 6.0, 0.0, 1.0, 0.0, 0.0, 0.0, 0.0, 0.0, 0.0, 0.0, 0.0, 1.0, 0.022737923897021478, 0.0, 0.0, 0.0, 0.0, 0.0, 0.0, 2.0, 1.0, 0.0, 0.0, 0.0, 0.0, 0.0, 13.0, 0.0, 2.0, 10.0, 3.0, 2.0, 12.0, 8.0, 8.684591968233441, 9.0, 17.826164835960046, 2.0, 0.0, 0.0, 0.0, 0.0, 0.0, 0.0, 1356.0, 1853.0, 361948.0, 0.0, 1.0, 2.0], "budget": 81.0}}