{"config": {"feature0": 0, "feature1": 1, "feature10": 1, "feature11": 1, "feature12": 1, "feature13": 0, "feature14": 0, "feature15": 0, "feature16": 0, "feature17": 1, "feature18": 0, "feature19": 1, "feature2": 1, "feature20": 0, "feature21": 0, "feature22": 0, "feature23": 0, "feature24": 0, "feature25": 0, "feature26": 1, "feature27": 0, "feature28": 0, "feature29": 0, "feature3": 1, "feature30": 1, "feature31": 0, "feature32": 0, "feature33": 0, "feature34": 0, "feature35": 1, "feature36": 0, "feature37": 0, "feature38": 1, "feature39": 1, "feature4": 1, "feature40": 0, "feature41": 0, "feature42": 1, "feature43": 0, "feature44": 0, "feature45": 0, "feature46": 0, "feature47": 0, "feature48": 1, "feature49": 0, "feature5": 1, "feature50": 0, "feature51": 0, "feature52": 1, "feature53": 1, "feature54": 1, "feature55": 0, "feature56": 0, "feature57": 0, "feature58": 1, "feature59": 1, "feature6": 1, "feature60": 0, "feature61": 0, "feature62": 0, "feature7": 0, "feature8": 0, "feature9": 0}, "score": 0.5730369687080383, "info": {"adv": [65.0, 36.0, 0.0, 2.0, 2.0, 0.0, 0.0, 0.0, 0.0, 0.0, 1.0, 0.0, 6.0, 4.0, 0.0, 1.0, 0.0, 0.0, 0.0, 0.0, 0.0, 0.0, 0.0, 0.0, 0.0, 0.0, 0.0, 0.0, 0.0, 0.0, 0.0, 0.0, 3.0, 0.0, 0.0, 0.0, 0.0, 3.0, 0.0, 6.0, 0.0, 5.0, 7.0, 5.0, 12.0, 14.0, 8.0, 8.0, 8.225657528189549, 23.16455849179134, 0.0, 0.0, 0.0, 0.0, 0.0, 0.0, 0.0, 933.0000000000001, 2719.0, 296455.0, 0.0, 1.0, 1.0], "budget": 81.0}}