{"config": {"feature0": 0, "feature1": 1, "feature10": 1, "feature11": 1, "feature12": 1, "feature13": 1, "feature14": 0, "feature15": 0, "feature16": 0, "feature17": 1, "feature18": 0, "feature19": 0, "feature2": 1, "feature20": 0, "feature21": 0, "feature22": 0, "feature23": 0, "feature24": 0, "feature25": 1, "feature26": 0, "feature27": 0, "feature28": 0, "feature29": 1, "feature3": 1, "feature30": 0, "feature31": 0, "feature32": 0, "feature33": 0, "feature34": 0, "feature35": 0, "feature36": 0, "feature37": 1, "feature38": 0, "feature39": 0, "feature4": 1, "feature40": 0, "feature41": 1, "feature42": 0, "feature43": 0, "feature44": 0, "feature45": 0, "feature46": 0, "feature47": 0, "feature48": 1, "feature49": 0, "feature5": 0, "feature50": 0, "feature51": 0, "feature52": 0, "feature53": 0, "feature54": 0, "feature55": 0, "feature56": 0, "feature57": 1, "feature58": 0, "feature59": 0, "feature6": 0, "feature60": 0, "feature61": 0, "feature62": 1, "feature7": 0, "feature8": 1, "feature9": 1}, "score": 0.5081140995025635, "info": {"adv": [60.0, 16.0, 0.0, 1.0, 4.0, 0.0, 0.0, 0.0, 0.0, 0.0, 0.0, 1.0, 6.0, 4.0, 0.0, 1.0, 0.0, 0.0, 0.0, 0.0, 0.0, 0.0, 0.0, 0.0, 1.0, 0.166666667, 0.0, 0.0, 0.0, 0.0, 0.0, 0.0, 2.0, 0.0, 0.0, 0.0, 0.0, 0.0, 0.0, 5.0, 1.0, 3.0, 4.0, 4.0, 16.0, 16.0, 13.0, 9.2, 10.0, 8.666666667000001, 0.0, 0.0, 0.0, 0.0, 0.0, 0.0, 0.0, 0.0, 667.0, 826390.0, 0.0, 1.0, 0.0], "budget": 20.25}}