{"config": {"feature0": 0, "feature1": 1, "feature10": 0, "feature11": 1, "feature12": 1, "feature13": 0, "feature14": 0, "feature15": 1, "feature16": 1, "feature17": 0, "feature18": 1, "feature19": 1, "feature2": 0, "feature20": 0, "feature21": 0, "feature22": 0, "feature23": 1, "feature24": 1, "feature25": 1, "feature26": 1, "feature27": 0, "feature28": 0, "feature29": 1, "feature3": 0, "feature30": 0, "feature31": 1, "feature32": 0, "feature33": 1, "feature34": 0, "feature35": 0, "feature36": 1, "feature37": 1, "feature38": 1, "feature39": 0, "feature4": 0, "feature40": 1, "feature41": 0, "feature42": 0, "feature43": 0, "feature44": 1, "feature45": 1, "feature46": 1, "feature47": 0, "feature48": 1, "feature49": 0, "feature5": 0, "feature50": 1, "feature51": 0, "feature52": 1, "feature53": 0, "feature54": 1, "feature55": 0, "feature56": 1, "feature57": 1, "feature58": 0, "feature59": 0, "feature6": 0, "feature60": 0, "feature61": 0, "feature62": 1, "feature7": 1, "feature8": 0, "feature9": 0}, "score": 0.5850518345832825, "info": {"adv": [62.00000000000001, 8.0, 0.0, 2.0, 4.0, 0.0, 1.0, 0.0, 0.0, 1.0, 1.0, 0.0, 0.0, 6.0, 0.0, 1.0, 0.0, 0.0, 0.0, 0.0, 0.0, 0.0, 0.0, 0.0, 1.0, 0.0, 0.0, 0.0, 0.0, 0.0, 0.0, 0.0, 2.0, 1.0, 0.0, 0.0, 0.0, 0.0, 0.0, 12.0, 0.0, 2.0, 9.0, 2.0, 9.0, 9.0, 1.0, 5.25, 11.645187390433886, 4.714285714, 2.0, 0.0, 0.0, 0.0, 0.0, 0.0, 0.0, 338.0, 1853.0, 180160.0, 0.0, 1.0, 2.0], "budget": 2.0}}