{"config": {"feature0": 0, "feature1": 1, "feature10": 1, "feature11": 1, "feature12": 1, "feature13": 0, "feature14": 1, "feature15": 1, "feature16": 0, "feature17": 1, "feature18": 0, "feature19": 1, "feature2": 1, "feature20": 1, "feature21": 0, "feature22": 0, "feature23": 1, "feature24": 0, "feature25": 1, "feature26": 0, "feature27": 0, "feature28": 0, "feature29": 1, "feature3": 0, "feature30": 1, "feature31": 0, "feature32": 0, "feature33": 1, "feature34": 1, "feature35": 1, "feature36": 1, "feature37": 0, "feature38": 0, "feature39": 0, "feature4": 0, "feature40": 0, "feature41": 1, "feature42": 0, "feature43": 1, "feature44": 1, "feature45": 0, "feature46": 1, "feature47": 1, "feature48": 0, "feature49": 1, "feature5": 1, "feature50": 0, "feature51": 1, "feature52": 0, "feature53": 1, "feature54": 0, "feature55": 1, "feature56": 0, "feature57": 1, "feature58": 0, "feature59": 1, "feature6": 1, "feature60": 1, "feature61": 1, "feature62": 0, "feature7": 1, "feature8": 0, "feature9": 0}, "score": 0.5368863940238953, "info": {"adv": [84.0, 24.0, 0.0, 2.0, 1.0, 0.0, 0.0, 0.0, 0.0, 0.0, 0.0, 0.0, 4.0, 7.0, 0.0, 1.0, 0.0, 0.0, 0.0, 0.0, 0.0, 0.0, 0.0, 0.0, 0.0, 0.047619048, 0.0, 0.0, 0.0, 0.0, 0.0, 0.0, 3.0, 0.0, 1.0, 0.0, 0.0, 1.0, 0.0, 13.0, 3.0, 4.0, 5.0, 6.000000000000001, 19.0, 17.0, 14.000000000000002, 15.183328052180569, 10.0, 21.26832103214188, 1.0, 0.0, 0.0, 0.0, 0.0, 0.0, 0.0, 1062.0, 3355.0, 1118394.0, 0.0, 1.0, 2.0], "budget": 40.5}}