{"config": {"feature0": 0, "feature1": 1, "feature10": 0, "feature11": 0, "feature12": 1, "feature13": 0, "feature14": 0, "feature15": 1, "feature16": 0, "feature17": 0, "feature18": 1, "feature19": 0, "feature2": 1, "feature20": 0, "feature21": 1, "feature22": 1, "feature23": 1, "feature24": 1, "feature25": 0, "feature26": 0, "feature27": 1, "feature28": 0, "feature29": 0, "feature3": 0, "feature30": 1, "feature31": 1, "feature32": 0, "feature33": 0, "feature34": 0, "feature35": 1, "feature36": 0, "feature37": 0, "feature38": 0, "feature39": 0, "feature4": 1, "feature40": 1, "feature41": 0, "feature42": 0, "feature43": 0, "feature44": 1, "feature45": 0, "feature46": 1, "feature47": 0, "feature48": 1, "feature49": 0, "feature5": 0, "feature50": 0, "feature51": 0, "feature52": 0, "feature53": 0, "feature54": 0, "feature55": 0, "feature56": 1, "feature57": 1, "feature58": 1, "feature59": 0, "feature6": 1, "feature60": 0, "feature61": 1, "feature62": 1, "feature7": 0, "feature8": 0, "feature9": 0}, "score": 0.8615357279777527, "info": {"adv": [248.00000000000003, 4.0, 1.0, 2.0, 2.0, 0.0, 1.0, 2.0, 0.0, 2.0, 1.0, 0.0, 5.0, 6.0, 0.0, 1.0, 0.0, 19.0, 0.0, 0.0, 0.0, 0.0, 0.0, 0.0, 1.0, 0.229891038015357, 0.0, 0.0, 0.0, 0.0, 0.0, 0.0, 2.0, 0.0, 0.0, 0.0, 0.0, 0.0, 0.0, 14.0, 1.0, 2.0, 10.0, 5.0, 64.0, 10.0, 64.0, 18.833333330000002, 10.0, 19.63636364, 2.0, 0.0, 0.0, 0.0, 0.0, 0.0, 0.0, 584.0, 8073.0, 684104.0, 0.0, 1.0, 2.0], "budget": 5.0625}}