{"config": {"feature0": 0, "feature1": 1, "feature10": 1, "feature11": 1, "feature12": 1, "feature13": 0, "feature14": 1, "feature15": 1, "feature16": 1, "feature17": 0, "feature18": 1, "feature19": 0, "feature2": 1, "feature20": 1, "feature21": 0, "feature22": 0, "feature23": 1, "feature24": 1, "feature25": 0, "feature26": 0, "feature27": 0, "feature28": 1, "feature29": 0, "feature3": 0, "feature30": 1, "feature31": 0, "feature32": 1, "feature33": 0, "feature34": 0, "feature35": 0, "feature36": 1, "feature37": 0, "feature38": 1, "feature39": 0, "feature4": 0, "feature40": 1, "feature41": 0, "feature42": 0, "feature43": 1, "feature44": 1, "feature45": 0, "feature46": 0, "feature47": 1, "feature48": 1, "feature49": 0, "feature5": 0, "feature50": 0, "feature51": 0, "feature52": 0, "feature53": 1, "feature54": 0, "feature55": 0, "feature56": 0, "feature57": 0, "feature58": 0, "feature59": 1, "feature6": 0, "feature60": 0, "feature61": 1, "feature62": 0, "feature7": 0, "feature8": 1, "feature9": 0}, "score": 0.6884100437164307, "info": {"adv": [40.0, 14.0, 0.0, 3.0, 3.0, 0.0, 0.0, 0.0, 0.0, 0.0, 0.0, 0.0, 5.0, 2.0, 0.0, 1.0, 0.0, 0.0, 0.0, 0.0, 0.0, 0.0, 0.0, 0.0, 1.0, 0.075, 0.09025246091016374, 0.0, 0.0, 0.0, 0.0, 0.0, 3.0, 1.0, 0.0, 0.0, 0.0, 0.0, 0.0, 5.0, 1.0, 3.0, 5.0, 5.0, 8.0, 8.0, 5.0, 5.0, 5.666666667, 8.08698854926111, 1.0, 0.0, 0.0, 0.0, 0.0, 0.0, 0.0, 289.0, 743.0, 0.0, 0.0, 1.0, 0.0], "budget": 40.5}}