{"config": {"feature0": 0, "feature1": 1, "feature10": 0, "feature11": 1, "feature12": 1, "feature13": 1, "feature14": 1, "feature15": 0, "feature16": 1, "feature17": 1, "feature18": 1, "feature19": 0, "feature2": 0, "feature20": 1, "feature21": 0, "feature22": 1, "feature23": 0, "feature24": 0, "feature25": 0, "feature26": 1, "feature27": 1, "feature28": 1, "feature29": 0, "feature3": 1, "feature30": 1, "feature31": 1, "feature32": 1, "feature33": 1, "feature34": 0, "feature35": 0, "feature36": 0, "feature37": 0, "feature38": 1, "feature39": 1, "feature4": 1, "feature40": 1, "feature41": 0, "feature42": 0, "feature43": 0, "feature44": 1, "feature45": 1, "feature46": 0, "feature47": 1, "feature48": 0, "feature49": 1, "feature5": 1, "feature50": 1, "feature51": 1, "feature52": 1, "feature53": 0, "feature54": 0, "feature55": 0, "feature56": 0, "feature57": 0, "feature58": 0, "feature59": 1, "feature6": 1, "feature60": 0, "feature61": 0, "feature62": 1, "feature7": 0, "feature8": 1, "feature9": 1}, "score": 0.7998805642127991, "info": {"adv": [55.0, 39.0, 1.0, 3.0, 0.0, 0.0, 0.0, 0.0, 0.0, 1.0, 0.0, 0.0, 0.0, 3.0, 0.0, 1.0, 0.0, 0.0, 0.0, 0.0, 0.0, 0.0, 0.0, 0.0, 1.0, 0.242367014497576, 0.24137322892930166, 0.0, 0.0, 0.0, 0.0, 0.0, 3.0, 0.0, 0.0, 1.0, 0.0, 0.0, 0.0, 9.0, 10.0, 1.0, 2.0, 0.0, 2.0, 29.0, 0.0, 10.226615865701946, 9.931826066225375, 0.0, 0.0, 0.0, 0.0, 0.0, 0.0, 0.0, 0.0, 227.0, 5616.0, 480903.0, 0.0, 1.0, 5.0], "budget": 81.0}}