{"config": {"feature0": 1, "feature1": 1, "feature10": 0, "feature11": 0, "feature12": 1, "feature13": 0, "feature14": 0, "feature15": 0, "feature16": 1, "feature17": 1, "feature18": 1, "feature19": 0, "feature2": 0, "feature20": 0, "feature21": 1, "feature22": 0, "feature23": 1, "feature24": 0, "feature25": 1, "feature26": 0, "feature27": 1, "feature28": 1, "feature29": 1, "feature3": 0, "feature30": 0, "feature31": 0, "feature32": 0, "feature33": 0, "feature34": 1, "feature35": 0, "feature36": 0, "feature37": 0, "feature38": 0, "feature39": 0, "feature4": 1, "feature40": 0, "feature41": 0, "feature42": 0, "feature43": 1, "feature44": 1, "feature45": 1, "feature46": 0, "feature47": 0, "feature48": 0, "feature49": 0, "feature5": 1, "feature50": 1, "feature51": 0, "feature52": 0, "feature53": 1, "feature54": 1, "feature55": 0, "feature56": 0, "feature57": 0, "feature58": 0, "feature59": 1, "feature6": 0, "feature60": 0, "feature61": 0, "feature62": 0, "feature7": 0, "feature8": 1, "feature9": 1}, "score": 0.622923731803894, "info": {"adv": [48.0, 4.0, 0.0, 2.0, 2.0, 0.0, 0.0, 0.0, 0.0, 0.0, 1.0, 0.0, 0.0, 4.0, 0.0, 1.0, 0.0, 0.0, 0.0, 0.0, 0.0, 0.0, 0.0, 0.0, 1.0, 0.0, 0.0, 0.0, 0.0, 0.0, 0.0, 0.0, 2.0, 0.0, 0.0, 0.0, 0.0, 0.0, 0.0, 8.0, 0.0, 3.0, 10.0, 3.0000000000000004, 10.0, 14.0, 34.0, 6.25, 10.0, 18.645149779524687, 0.0, 0.0, 0.0, 0.0, 0.0, 0.0, 0.0, 1222.0, 6083.0, 0.0, 0.0, 1.0, 1.0], "budget": 81.0}}