{"config": {"feature0": 0, "feature1": 1, "feature10": 0, "feature11": 1, "feature12": 1, "feature13": 0, "feature14": 1, "feature15": 1, "feature16": 1, "feature17": 1, "feature18": 0, "feature19": 0, "feature2": 0, "feature20": 0, "feature21": 0, "feature22": 0, "feature23": 1, "feature24": 1, "feature25": 1, "feature26": 1, "feature27": 1, "feature28": 0, "feature29": 0, "feature3": 0, "feature30": 1, "feature31": 0, "feature32": 0, "feature33": 0, "feature34": 1, "feature35": 1, "feature36": 0, "feature37": 1, "feature38": 0, "feature39": 1, "feature4": 0, "feature40": 0, "feature41": 0, "feature42": 0, "feature43": 0, "feature44": 1, "feature45": 0, "feature46": 1, "feature47": 1, "feature48": 0, "feature49": 0, "feature5": 1, "feature50": 0, "feature51": 0, "feature52": 1, "feature53": 0, "feature54": 0, "feature55": 1, "feature56": 1, "feature57": 0, "feature58": 1, "feature59": 0, "feature6": 0, "feature60": 0, "feature61": 1, "feature62": 0, "feature7": 1, "feature8": 1, "feature9": 1}, "score": 0.5865600109100342, "info": {"adv": [62.00000000000001, 4.0, 0.0, 2.0, 3.0, 0.0, 1.0, 1.0, 0.0, 1.0, 1.0, 0.0, 0.0, 6.0, 0.0, 1.0, 0.0, 0.0, 0.0, 1.0, 0.0, 0.0, 0.0, 0.0, 1.0, 0.016129031999999998, 0.0, 0.0, 0.0, 0.0, 0.0, 0.0, 2.0, 1.0, 0.0, 0.0, 0.0, 0.0, 0.0, 7.0, 0.0, 2.0, 9.0, 2.0, 9.0, 9.0, 8.0, 5.25, 10.317312090609649, 4.714285714, 2.0, 0.0, 0.0, 0.0, 0.0, 0.0, 0.0, 338.0, 2181.0, 0.0, 0.0, 1.0, 2.0], "budget": 81.0}}