{"config": {"feature0": 0, "feature1": 0, "feature10": 0, "feature11": 0, "feature12": 0, "feature13": 1, "feature14": 0, "feature15": 0, "feature16": 1, "feature17": 0, "feature18": 1, "feature19": 0, "feature2": 1, "feature20": 0, "feature21": 1, "feature22": 0, "feature23": 0, "feature24": 0, "feature25": 0, "feature26": 1, "feature27": 0, "feature28": 0, "feature29": 0, "feature3": 0, "feature30": 1, "feature31": 0, "feature32": 0, "feature33": 1, "feature34": 1, "feature35": 1, "feature36": 0, "feature37": 0, "feature38": 0, "feature39": 0, "feature4": 1, "feature40": 0, "feature41": 0, "feature42": 0, "feature43": 0, "feature44": 0, "feature45": 1, "feature46": 0, "feature47": 0, "feature48": 1, "feature49": 0, "feature5": 1, "feature50": 0, "feature51": 0, "feature52": 0, "feature53": 1, "feature54": 1, "feature55": 1, "feature56": 1, "feature57": 0, "feature58": 0, "feature59": 1, "feature6": 0, "feature60": 0, "feature61": 1, "feature62": 1, "feature7": 1, "feature8": 0, "feature9": 0}, "score": 0.7795431613922119, "info": {"adv": [39.0, 17.0, 0.0, 1.0, 0.0, 0.0, 0.0, 0.0, 0.0, 0.0, 1.0, 0.0, 4.0, 4.0, 0.0, 1.0, 0.0, 0.0, 0.0, 1.0, 0.0, 0.0, 0.0, 0.0, 0.0, 0.0, 0.0, 0.0, 0.0, 0.0, 0.0, 0.0, 1.0, 0.0, 0.0, 0.0, 0.0, 1.0, 0.0, 3.0, 1.0, 3.0, 12.999999999999998, 3.0, 13.0, 16.0, 9.0, 8.333333332999999, 12.999999999999998, 20.086795925117276, 0.0, 0.0, 0.0, 0.0, 0.0, 0.0, 0.0, 81.0, 846.0, 0.0, 0.0, 1.0, 0.0], "budget": 5.0625}}