{"config": {"feature0": 0, "feature1": 1, "feature10": 0, "feature11": 1, "feature12": 1, "feature13": 0, "feature14": 1, "feature15": 0, "feature16": 0, "feature17": 0, "feature18": 1, "feature19": 0, "feature2": 0, "feature20": 0, "feature21": 0, "feature22": 0, "feature23": 1, "feature24": 0, "feature25": 0, "feature26": 0, "feature27": 0, "feature28": 0, "feature29": 0, "feature3": 0, "feature30": 0, "feature31": 0, "feature32": 0, "feature33": 1, "feature34": 0, "feature35": 0, "feature36": 0, "feature37": 1, "feature38": 0, "feature39": 1, "feature4": 0, "feature40": 0, "feature41": 0, "feature42": 0, "feature43": 0, "feature44": 1, "feature45": 0, "feature46": 1, "feature47": 0, "feature48": 0, "feature49": 0, "feature5": 0, "feature50": 0, "feature51": 1, "feature52": 1, "feature53": 1, "feature54": 1, "feature55": 1, "feature56": 1, "feature57": 1, "feature58": 0, "feature59": 1, "feature6": 0, "feature60": 1, "feature61": 1, "feature62": 0, "feature7": 1, "feature8": 0, "feature9": 0}, "score": 0.5076559782028198, "info": {"adv": [56.0, 14.0, 0.0, 2.0, 4.0, 0.0, 0.0, 0.0, 0.0, 0.0, 0.0, 1.0, 0.0, 4.0, 0.0, 1.0, 0.0, 0.0, 0.0, 0.0, 0.0, 0.0, 0.0, 0.0, 1.0, 0.17857142899999998, 0.0, 0.0, 0.0, 0.0, 0.0, 0.0, 2.0, 0.0, 0.0, 0.0, 0.0, 0.0, 0.0, 8.0, 0.0, 1.0, 4.0, 3.0000000000000004, 13.0, 12.0, 13.0, 12.189395624240372, 9.731408889869995, 22.5879423041761, 0.0, 0.0, 0.0, 0.0, 0.0, 0.0, 0.0, -1.0, 213.0, 0.0, 0.0, 1.0, 0.0], "budget": 81.0}}