{"config": {"feature0": 0, "feature1": 1, "feature10": 1, "feature11": 0, "feature12": 1, "feature13": 0, "feature14": 0, "feature15": 0, "feature16": 0, "feature17": 1, "feature18": 0, "feature19": 0, "feature2": 1, "feature20": 0, "feature21": 0, "feature22": 1, "feature23": 1, "feature24": 1, "feature25": 1, "feature26": 0, "feature27": 0, "feature28": 0, "feature29": 0, "feature3": 1, "feature30": 1, "feature31": 0, "feature32": 1, "feature33": 1, "feature34": 1, "feature35": 0, "feature36": 0, "feature37": 1, "feature38": 1, "feature39": 1, "feature4": 0, "feature40": 0, "feature41": 0, "feature42": 0, "feature43": 0, "feature44": 1, "feature45": 0, "feature46": 1, "feature47": 1, "feature48": 0, "feature49": 0, "feature5": 0, "feature50": 0, "feature51": 1, "feature52": 0, "feature53": 1, "feature54": 1, "feature55": 1, "feature56": 0, "feature57": 0, "feature58": 0, "feature59": 0, "feature6": 0, "feature60": 0, "feature61": 0, "feature62": 0, "feature7": 0, "feature8": 0, "feature9": 0}, "score": 0.6622028350830078, "info": {"adv": [33.0, 27.0, 0.0, 2.0, 4.0, 0.0, 0.0, 0.0, 0.0, 0.0, 0.0, 0.0, 0.0, 2.0, 0.0, 1.0, 0.0, 0.0, 0.0, 0.0, 0.0, 0.0, 0.0, 0.0, 0.0, 0.03030303, 0.0, 0.0, 0.0, 0.0, 0.0, 0.0, 2.0, 0.0, 0.0, 1.0, 0.0, 0.0, 0.0, 12.0, 0.0, 5.0, 5.0, 0.0, 8.0, 8.0, 0.0, 4.53679061889, 6.333333333, 5.139688228210123, 0.0, 1.0, 0.0, 0.0, 0.0, 0.0, 0.0, 372.0, 7297.0, 0.0, 0.0, 1.0, 5.0], "budget": 10.125}}