{"config": {"feature0": 0, "feature1": 0, "feature10": 0, "feature11": 1, "feature12": 1, "feature13": 1, "feature14": 0, "feature15": 1, "feature16": 0, "feature17": 1, "feature18": 1, "feature19": 1, "feature2": 1, "feature20": 1, "feature21": 0, "feature22": 1, "feature23": 1, "feature24": 0, "feature25": 1, "feature26": 1, "feature27": 0, "feature28": 0, "feature29": 0, "feature3": 1, "feature30": 1, "feature31": 1, "feature32": 0, "feature33": 0, "feature34": 1, "feature35": 1, "feature36": 1, "feature37": 1, "feature38": 0, "feature39": 0, "feature4": 0, "feature40": 1, "feature41": 0, "feature42": 1, "feature43": 1, "feature44": 1, "feature45": 1, "feature46": 0, "feature47": 1, "feature48": 0, "feature49": 1, "feature5": 0, "feature50": 1, "feature51": 1, "feature52": 1, "feature53": 1, "feature54": 0, "feature55": 1, "feature56": 1, "feature57": 0, "feature58": 0, "feature59": 0, "feature6": 0, "feature60": 0, "feature61": 0, "feature62": 0, "feature7": 0, "feature8": 1, "feature9": 0}, "score": 0.8504104018211365, "info": {"adv": [145.0, 9.0, 0.0, 1.0, 4.0, 0.0, 1.0, 6.0, 0.0, 7.0, 1.0, 0.0, 2.0, 4.0, 0.0, 1.0, 0.0, 6.000000000000001, 0.0, 0.0, 0.0, 0.0, 0.0, 0.0, 0.0, 0.0863529387043464, 0.0, 0.0, 0.0, 0.0, 0.0, 0.0, 2.0, 1.0, 0.0, 0.0, 0.0, 0.0, 0.0, 25.0, 6.0, 1.0, 4.0, 1.0, 2.0, 6.0, 0.0, 2.0, 6.962533065095443, 4.1311946722999915, 2.0, 0.0, 0.0, 0.0, 0.0, 0.0, 0.0, 57.99999999999999, -1.0000000000000002, 10687767.0, 0.0, 1.0, 0.0], "budget": 40.5}}