{"config": {"feature0": 0, "feature1": 1, "feature10": 1, "feature11": 1, "feature12": 1, "feature13": 0, "feature14": 1, "feature15": 1, "feature16": 1, "feature17": 0, "feature18": 0, "feature19": 1, "feature2": 0, "feature20": 0, "feature21": 0, "feature22": 1, "feature23": 1, "feature24": 0, "feature25": 1, "feature26": 0, "feature27": 1, "feature28": 1, "feature29": 1, "feature3": 0, "feature30": 1, "feature31": 0, "feature32": 1, "feature33": 0, "feature34": 1, "feature35": 1, "feature36": 1, "feature37": 0, "feature38": 1, "feature39": 1, "feature4": 0, "feature40": 0, "feature41": 1, "feature42": 0, "feature43": 0, "feature44": 1, "feature45": 0, "feature46": 1, "feature47": 0, "feature48": 1, "feature49": 1, "feature5": 1, "feature50": 1, "feature51": 1, "feature52": 0, "feature53": 1, "feature54": 0, "feature55": 1, "feature56": 1, "feature57": 1, "feature58": 0, "feature59": 0, "feature6": 0, "feature60": 1, "feature61": 0, "feature62": 0, "feature7": 1, "feature8": 0, "feature9": 0}, "score": 0.7167167067527771, "info": {"adv": [80.0, 23.0, 0.0, 5.0, 4.0, 1.0, 1.0, 1.0, 0.0, 2.0, 0.0, 0.0, 0.0, 3.0, 0.0, 1.0, 0.0, 1.0, 0.0, 0.0, 0.0, 1.0, 0.0, 0.0, 0.0, 0.09999999999999999, 0.1680185067021854, 0.0, 0.0, 1.0, 0.0, 1.0, 3.0, 0.0, 0.0, 1.0, 0.0, 0.0, 0.0, 16.0, 2.0, 2.0, 1.0, 1.0, 2.0, 8.0, 0.0, 2.0, 4.0, 6.0239144711282595, 0.0, 0.0, 0.0, 0.0, 0.0, 0.0, 0.0, 1803.0, 5612.0, 0.0, 0.0, 1.0, 5.0], "budget": 5.0625}}