{"config": {"feature0": 1, "feature1": 1, "feature10": 1, "feature11": 1, "feature12": 1, "feature13": 1, "feature14": 0, "feature15": 0, "feature16": 1, "feature17": 0, "feature18": 1, "feature19": 0, "feature2": 1, "feature20": 0, "feature21": 1, "feature22": 1, "feature23": 1, "feature24": 1, "feature25": 0, "feature26": 0, "feature27": 1, "feature28": 1, "feature29": 1, "feature3": 1, "feature30": 1, "feature31": 0, "feature32": 0, "feature33": 1, "feature34": 0, "feature35": 1, "feature36": 0, "feature37": 1, "feature38": 0, "feature39": 0, "feature4": 0, "feature40": 0, "feature41": 1, "feature42": 1, "feature43": 1, "feature44": 1, "feature45": 0, "feature46": 1, "feature47": 0, "feature48": 0, "feature49": 0, "feature5": 0, "feature50": 0, "feature51": 0, "feature52": 0, "feature53": 1, "feature54": 1, "feature55": 0, "feature56": 0, "feature57": 0, "feature58": 1, "feature59": 1, "feature6": 0, "feature60": 0, "feature61": 0, "feature62": 1, "feature7": 0, "feature8": 0, "feature9": 1}, "score": 0.5891258716583252, "info": {"adv": [138.0, 5.0, 0.0, 1.0, 3.0, 0.0, 1.0, 0.0, 0.0, 1.0, 1.0, 0.0, 1.0, 6.0, 0.0, 1.0, 0.0, 0.0, 0.0, 0.0, 0.0, 0.0, 0.0, 0.0, 1.0, 0.016129031999999998, 0.0, 0.0, 0.0, 0.0, 0.0, 0.0, 2.0, 1.0, 0.0, 0.0, 0.0, 0.0, 0.0, 12.0, 0.0, 3.0, 9.0, 2.0, 9.0, 9.0, 8.0, 5.25, 9.0, 2.4904362319049778, 2.0, 0.0, 0.0, 0.0, 0.0, 0.0, 0.0, 338.0, 1853.0, 358364.0, 0.0, 1.0, 2.0], "budget": 81.0}}