{"config": {"feature0": 1, "feature1": 0, "feature10": 0, "feature11": 1, "feature12": 1, "feature13": 0, "feature14": 0, "feature15": 1, "feature16": 1, "feature17": 0, "feature18": 0, "feature19": 1, "feature2": 1, "feature20": 1, "feature21": 0, "feature22": 1, "feature23": 1, "feature24": 1, "feature25": 0, "feature26": 0, "feature27": 1, "feature28": 0, "feature29": 1, "feature3": 0, "feature30": 0, "feature31": 0, "feature32": 0, "feature33": 0, "feature34": 0, "feature35": 1, "feature36": 1, "feature37": 1, "feature38": 0, "feature39": 1, "feature4": 0, "feature40": 1, "feature41": 1, "feature42": 1, "feature43": 0, "feature44": 0, "feature45": 1, "feature46": 0, "feature47": 1, "feature48": 1, "feature49": 1, "feature5": 1, "feature50": 1, "feature51": 1, "feature52": 0, "feature53": 0, "feature54": 1, "feature55": 1, "feature56": 0, "feature57": 0, "feature58": 1, "feature59": 0, "feature6": 0, "feature60": 0, "feature61": 1, "feature62": 0, "feature7": 0, "feature8": 1, "feature9": 0}, "score": 0.5351353883743286, "info": {"adv": [161.0, 27.0, 1.0, 2.0, 2.0, 0.0, 0.0, 0.0, 0.0, 0.0, 0.0, 0.0, 5.0, 4.0, 0.0, 1.0, 0.0, 0.0, 0.0, 0.0, 1.0, 0.0, 0.0, 0.0, 1.0, 0.259259259, 0.0, 0.0, 0.0, 0.0, 0.0, 0.0, 2.0, 0.0, 0.0, 0.0, 0.0, 1.0, 0.0, 5.0, 0.0, 2.0, 4.0, 2.0, 2.0, 18.0, 0.0, 9.252666825366537, 11.000000000000002, 14.66666667, 0.0, 0.0, 0.0, 0.0, 0.0, 0.0, 0.0, 76.0, 5875.0, 0.0, 0.0, 1.0, 2.0], "budget": 20.25}}