{"config": {"feature0": 1, "feature1": 0, "feature10": 1, "feature11": 0, "feature12": 1, "feature13": 1, "feature14": 0, "feature15": 0, "feature16": 1, "feature17": 0, "feature18": 1, "feature19": 1, "feature2": 0, "feature20": 1, "feature21": 0, "feature22": 0, "feature23": 0, "feature24": 0, "feature25": 0, "feature26": 0, "feature27": 1, "feature28": 0, "feature29": 0, "feature3": 0, "feature30": 0, "feature31": 0, "feature32": 0, "feature33": 1, "feature34": 0, "feature35": 1, "feature36": 1, "feature37": 0, "feature38": 1, "feature39": 0, "feature4": 1, "feature40": 0, "feature41": 0, "feature42": 0, "feature43": 0, "feature44": 0, "feature45": 1, "feature46": 0, "feature47": 0, "feature48": 1, "feature49": 0, "feature5": 0, "feature50": 0, "feature51": 1, "feature52": 1, "feature53": 0, "feature54": 0, "feature55": 0, "feature56": 1, "feature57": 1, "feature58": 1, "feature59": 0, "feature6": 0, "feature60": 0, "feature61": 0, "feature62": 1, "feature7": 1, "feature8": 1, "feature9": 0}, "score": 0.5834267139434814, "info": {"adv": [106.0, 13.0, 0.0, 2.0, 4.0, 0.0, 1.0, 0.0, 0.0, 1.0, 1.0, 0.0, 0.0, 4.0, 0.0, 1.0, 0.0, 0.0, 0.0, 0.0, 0.0, 0.0, 0.0, 0.0, 1.0, 0.016129031999999998, 0.0, 0.0, 0.0, 0.0, 0.0, 0.0, 2.0, 1.0, 0.0, 0.0, 0.0, 0.0, 0.0, 8.0, 0.0, 2.0, 9.0, 4.0, 9.0, 9.0, 8.0, 7.446128816219141, 10.319882610709989, 4.714285714, 2.0, 0.0, 0.0, 0.0, 0.0, 0.0, 0.0, 338.0, 1853.0, 518625.0, 0.0, 1.0, 2.0], "budget": 10.125}}