{"config": {"feature0": 0, "feature1": 0, "feature10": 0, "feature11": 0, "feature12": 1, "feature13": 0, "feature14": 0, "feature15": 1, "feature16": 0, "feature17": 0, "feature18": 0, "feature19": 1, "feature2": 1, "feature20": 0, "feature21": 0, "feature22": 1, "feature23": 0, "feature24": 0, "feature25": 0, "feature26": 1, "feature27": 0, "feature28": 1, "feature29": 0, "feature3": 1, "feature30": 0, "feature31": 0, "feature32": 0, "feature33": 1, "feature34": 1, "feature35": 1, "feature36": 1, "feature37": 1, "feature38": 0, "feature39": 0, "feature4": 1, "feature40": 1, "feature41": 1, "feature42": 0, "feature43": 0, "feature44": 0, "feature45": 1, "feature46": 1, "feature47": 0, "feature48": 0, "feature49": 1, "feature5": 1, "feature50": 0, "feature51": 1, "feature52": 0, "feature53": 0, "feature54": 0, "feature55": 1, "feature56": 1, "feature57": 1, "feature58": 1, "feature59": 0, "feature6": 0, "feature60": 0, "feature61": 0, "feature62": 1, "feature7": 0, "feature8": 1, "feature9": 1}, "score": 0.5925413370132446, "info": {"adv": [62.00000000000001, 13.0, 0.0, 2.0, 4.0, 0.0, 1.0, 0.0, 0.0, 1.0, 1.0, 0.0, 0.0, 6.0, 0.0, 1.0, 0.0, 0.0, 0.0, 1.0, 0.0, 0.0, 0.0, 0.0, 1.0, 0.016129031999999998, 0.0, 0.0, 0.0, 0.0, 0.0, 0.0, 2.0, 1.0, 0.0, 0.0, 0.0, 0.0, 0.0, 8.0, 0.0, 1.0, 9.0, 2.0, 2.0, 9.0, 8.0, 3.1713478272052655, 9.0, 4.714285714, 2.0, 0.0, 0.0, 0.0, 0.0, 0.0, 0.0, 338.0, 1853.0, 74632.0, 0.0, 1.0, 2.0], "budget": 10.125}}