{"config": {"feature0": 1, "feature1": 1, "feature10": 0, "feature11": 0, "feature12": 1, "feature13": 0, "feature14": 0, "feature15": 1, "feature16": 0, "feature17": 1, "feature18": 1, "feature19": 1, "feature2": 1, "feature20": 0, "feature21": 1, "feature22": 1, "feature23": 0, "feature24": 0, "feature25": 1, "feature26": 1, "feature27": 1, "feature28": 0, "feature29": 1, "feature3": 0, "feature30": 0, "feature31": 1, "feature32": 0, "feature33": 1, "feature34": 0, "feature35": 0, "feature36": 0, "feature37": 1, "feature38": 0, "feature39": 1, "feature4": 1, "feature40": 1, "feature41": 1, "feature42": 0, "feature43": 0, "feature44": 0, "feature45": 1, "feature46": 0, "feature47": 0, "feature48": 0, "feature49": 1, "feature5": 0, "feature50": 1, "feature51": 1, "feature52": 1, "feature53": 1, "feature54": 1, "feature55": 0, "feature56": 0, "feature57": 1, "feature58": 0, "feature59": 1, "feature6": 0, "feature60": 0, "feature61": 1, "feature62": 0, "feature7": 1, "feature8": 0, "feature9": 0}, "score": 0.8229853510856628, "info": {"adv": [237.0, 5.0, 1.0, 15.0, 12.0, 0.0, 0.0, 0.0, 0.0, 0.0, 7.0, 0.0, 3.0, 4.0, 0.0, 1.0, 0.0, 0.0, 0.0, 0.0, 0.0, 0.0, 0.0, 0.0, 0.0, 0.5597858670009482, 0.0, 0.0, 0.0, 0.0, 0.0, 0.0, 3.0, 0.0, 1.0, 0.0, 0.0, 0.0, 0.0, 30.999999999999996, 23.0, 1.0, 4.0, 1.0, 2.0, 4.0, 0.0, 11.670814372640029, 4.478677415494786, 15.575319306569106, 0.0, 0.0, 0.0, 0.0, 0.0, 0.0, 0.0, 198.0, 614.0, 0.0, 0.0, 1.0, 0.0], "budget": 40.5}}