{"config": {"feature0": 0, "feature1": 1, "feature10": 1, "feature11": 1, "feature12": 1, "feature13": 1, "feature14": 1, "feature15": 0, "feature16": 1, "feature17": 1, "feature18": 0, "feature19": 0, "feature2": 1, "feature20": 0, "feature21": 0, "feature22": 1, "feature23": 1, "feature24": 0, "feature25": 1, "feature26": 1, "feature27": 1, "feature28": 0, "feature29": 0, "feature3": 1, "feature30": 1, "feature31": 1, "feature32": 0, "feature33": 1, "feature34": 1, "feature35": 0, "feature36": 1, "feature37": 0, "feature38": 1, "feature39": 0, "feature4": 0, "feature40": 0, "feature41": 0, "feature42": 1, "feature43": 1, "feature44": 1, "feature45": 0, "feature46": 1, "feature47": 1, "feature48": 0, "feature49": 0, "feature5": 0, "feature50": 0, "feature51": 0, "feature52": 0, "feature53": 0, "feature54": 1, "feature55": 1, "feature56": 1, "feature57": 0, "feature58": 0, "feature59": 0, "feature6": 0, "feature60": 0, "feature61": 0, "feature62": 0, "feature7": 1, "feature8": 1, "feature9": 1}, "score": 0.4510282874107361, "info": {"adv": [49.0, 21.0, 0.0, 2.0, 2.0, 0.0, 0.0, 0.0, 0.0, 0.0, 0.0, 0.0, 4.0, 3.0, 0.0, 1.0, 0.0, 0.0, 0.0, 1.0, 0.0, 0.0, 0.0, 0.0, 1.0, 0.0, 0.0, 0.0, 0.0, 0.0, 0.0, 0.0, 3.0, 0.0, 0.0, 0.0, 0.0, 0.0, 0.0, 7.0, 1.0, 4.0, 11.0, 4.0, 14.000000000000002, 14.0, 6.0, 8.75, 12.499999999999998, 5.0, 0.0, 0.0, 0.0, 0.0, 0.0, 0.0, 0.0, 952.0000000000001, 7082.999999999999, 17964.0, 0.0, 1.0, 3.0], "budget": 40.5}}