{"config": {"feature0": 0, "feature1": 0, "feature10": 0, "feature11": 1, "feature12": 1, "feature13": 0, "feature14": 0, "feature15": 1, "feature16": 0, "feature17": 0, "feature18": 1, "feature19": 0, "feature2": 1, "feature20": 0, "feature21": 1, "feature22": 0, "feature23": 0, "feature24": 0, "feature25": 0, "feature26": 1, "feature27": 1, "feature28": 0, "feature29": 1, "feature3": 0, "feature30": 0, "feature31": 1, "feature32": 1, "feature33": 0, "feature34": 0, "feature35": 0, "feature36": 0, "feature37": 0, "feature38": 0, "feature39": 0, "feature4": 1, "feature40": 1, "feature41": 0, "feature42": 1, "feature43": 1, "feature44": 0, "feature45": 0, "feature46": 1, "feature47": 1, "feature48": 1, "feature49": 0, "feature5": 0, "feature50": 0, "feature51": 1, "feature52": 1, "feature53": 1, "feature54": 1, "feature55": 1, "feature56": 1, "feature57": 1, "feature58": 1, "feature59": 0, "feature6": 0, "feature60": 1, "feature61": 1, "feature62": 1, "feature7": 0, "feature8": 0, "feature9": 0}, "score": 0.9034175872802734, "info": {"adv": [41.0, 14.000000000000002, 1.0, 3.0, 2.0, 1.0, 1.0, 0.0, 0.0, 1.0, 0.0, 0.0, 2.0, 4.0, 0.0, 1.0, 0.0, 0.0, 0.0, 0.0, 0.0, 0.0, 0.0, 0.0, 1.0, 0.24986355845153627, 0.7458717358959592, 0.0, 0.0, 1.0, 1.0, 1.0, 3.0, 0.0, 0.0, 0.0, 0.0, 1.0, 1.0, 14.000000000000002, 0.0, 2.0, 2.0, 0.0, 6.0, 3.0, 6.0, 7.593143084998597, 3.6169141807915435, 11.300114931943071, 1.0, 0.0, 0.0, 0.0, 0.0, 2.0, 1.0, -1.0, 505.0, 467234.0, 1.0, 1.0, 0.0], "budget": 81.0}}