{"config": {"feature0": 1, "feature1": 0, "feature10": 1, "feature11": 1, "feature12": 1, "feature13": 1, "feature14": 0, "feature15": 0, "feature16": 1, "feature17": 0, "feature18": 1, "feature19": 1, "feature2": 1, "feature20": 0, "feature21": 0, "feature22": 0, "feature23": 0, "feature24": 0, "feature25": 1, "feature26": 0, "feature27": 0, "feature28": 1, "feature29": 1, "feature3": 1, "feature30": 0, "feature31": 1, "feature32": 0, "feature33": 0, "feature34": 0, "feature35": 0, "feature36": 0, "feature37": 0, "feature38": 1, "feature39": 0, "feature4": 1, "feature40": 1, "feature41": 1, "feature42": 0, "feature43": 0, "feature44": 0, "feature45": 0, "feature46": 1, "feature47": 1, "feature48": 1, "feature49": 0, "feature5": 0, "feature50": 0, "feature51": 1, "feature52": 1, "feature53": 1, "feature54": 1, "feature55": 1, "feature56": 0, "feature57": 0, "feature58": 1, "feature59": 1, "feature6": 1, "feature60": 1, "feature61": 1, "feature62": 0, "feature7": 0, "feature8": 0, "feature9": 1}, "score": 0.835005521774292, "info": {"adv": [118.0, 30.999999999999993, 0.0, 1.0, 2.0, 0.0, 0.0, 0.0, 0.0, 0.0, 0.0, 0.0, 5.0, 3.0, 0.0, 1.0, 0.0, 0.0, 0.0, 0.0, 0.0, 0.0, 0.0, 0.0, 1.0, 0.00014551340306852832, 0.0, 0.0, 0.0, 0.0, 0.0, 0.0, 2.0, 0.0, 0.0, 1.0, 0.0, 0.0, 0.0, 2.0, 1.0, 11.0, 14.0, 1.0, 14.000000000000002, 14.0, 0.0, 10.44444931452547, 12.154378302465917, 5.907473990808965, 0.0, 0.0, 0.0, 0.0, 0.0, 0.0, 0.0, -1.0, 491.0, 0.0, 0.0, 1.0, 0.0], "budget": 20.25}}