{"config": {"feature0": 0, "feature1": 1, "feature10": 0, "feature11": 1, "feature12": 1, "feature13": 0, "feature14": 0, "feature15": 0, "feature16": 0, "feature17": 0, "feature18": 1, "feature19": 0, "feature2": 0, "feature20": 0, "feature21": 0, "feature22": 0, "feature23": 0, "feature24": 0, "feature25": 1, "feature26": 0, "feature27": 0, "feature28": 1, "feature29": 1, "feature3": 0, "feature30": 0, "feature31": 0, "feature32": 0, "feature33": 0, "feature34": 0, "feature35": 1, "feature36": 1, "feature37": 0, "feature38": 1, "feature39": 1, "feature4": 0, "feature40": 0, "feature41": 0, "feature42": 1, "feature43": 0, "feature44": 1, "feature45": 0, "feature46": 0, "feature47": 1, "feature48": 0, "feature49": 0, "feature5": 0, "feature50": 0, "feature51": 0, "feature52": 1, "feature53": 1, "feature54": 0, "feature55": 1, "feature56": 0, "feature57": 0, "feature58": 0, "feature59": 0, "feature6": 0, "feature60": 0, "feature61": 0, "feature62": 1, "feature7": 0, "feature8": 0, "feature9": 0}, "score": 0.4612746238708496, "info": {"adv": [67.0, 11.0, 0.0, 1.0, 3.0, 0.0, 0.0, 0.0, 0.0, 0.0, 0.0, 0.0, 0.0, 5.0, 0.0, 1.0, 0.0, 0.0, 0.0, 0.0, 1.0, 0.0, 0.0, 0.0, 1.0, 0.0, 0.0, 0.0, 0.0, 0.0, 0.0, 0.0, 3.0, 0.0, 0.0, 0.0, 0.0, 0.0, 0.0, 7.0, 3.0, 3.0, 3.0, 3.0000000000000004, 14.000000000000002, 13.0, 14.000000000000002, 8.5, 7.120003717596107, 10.39801688943477, 1.0, 0.0, 0.0, 0.0, 0.0, 0.0, 0.0, 336.0, 3317.0, 0.0, 0.0, 1.0, 2.0], "budget": 40.5}}