{"config": {"feature0": 0, "feature1": 1, "feature10": 0, "feature11": 1, "feature12": 1, "feature13": 0, "feature14": 0, "feature15": 0, "feature16": 0, "feature17": 1, "feature18": 1, "feature19": 0, "feature2": 1, "feature20": 0, "feature21": 0, "feature22": 0, "feature23": 1, "feature24": 0, "feature25": 0, "feature26": 1, "feature27": 0, "feature28": 1, "feature29": 0, "feature3": 1, "feature30": 1, "feature31": 0, "feature32": 0, "feature33": 1, "feature34": 1, "feature35": 0, "feature36": 0, "feature37": 0, "feature38": 1, "feature39": 0, "feature4": 0, "feature40": 1, "feature41": 1, "feature42": 1, "feature43": 0, "feature44": 0, "feature45": 1, "feature46": 1, "feature47": 0, "feature48": 0, "feature49": 0, "feature5": 0, "feature50": 1, "feature51": 0, "feature52": 0, "feature53": 1, "feature54": 1, "feature55": 0, "feature56": 0, "feature57": 0, "feature58": 1, "feature59": 0, "feature6": 0, "feature60": 0, "feature61": 1, "feature62": 1, "feature7": 1, "feature8": 1, "feature9": 1}, "score": 0.4196639955043793, "info": {"adv": [43.0, 8.0, 0.0, 2.0, 1.0, 0.0, 0.0, 0.0, 0.0, 0.0, 0.0, 0.0, 2.0, 3.0, 0.0, 1.0, 0.0, 0.0, 0.0, 0.0, 0.0, 0.0, 0.0, 0.0, 0.0, 0.139534884, 0.352941176, 0.0, 0.0, 0.0, 0.0, 0.0, 3.0, 0.0, 0.0, 0.0, 0.0, 0.0, 0.0, 4.0, 0.0, 4.0, 5.0, 3.0000000000000004, 13.0, 8.0, 0.0, 7.25, 6.499999999999999, 23.580438612902995, 0.0, 0.0, 0.0, 0.0, 0.0, 0.0, 0.0, 91.0, 2598.0, 391323.0, 0.0, 0.0, 0.0], "budget": 2.53125}}