{"config": {"feature0": 0, "feature1": 1, "feature10": 1, "feature11": 0, "feature12": 1, "feature13": 1, "feature14": 0, "feature15": 0, "feature16": 1, "feature17": 0, "feature18": 1, "feature19": 1, "feature2": 0, "feature20": 1, "feature21": 1, "feature22": 1, "feature23": 1, "feature24": 1, "feature25": 1, "feature26": 1, "feature27": 0, "feature28": 0, "feature29": 0, "feature3": 0, "feature30": 0, "feature31": 0, "feature32": 1, "feature33": 0, "feature34": 0, "feature35": 0, "feature36": 0, "feature37": 0, "feature38": 0, "feature39": 0, "feature4": 0, "feature40": 0, "feature41": 1, "feature42": 0, "feature43": 1, "feature44": 1, "feature45": 1, "feature46": 0, "feature47": 1, "feature48": 0, "feature49": 0, "feature5": 1, "feature50": 0, "feature51": 1, "feature52": 0, "feature53": 1, "feature54": 0, "feature55": 0, "feature56": 0, "feature57": 0, "feature58": 0, "feature59": 1, "feature6": 0, "feature60": 1, "feature61": 1, "feature62": 0, "feature7": 1, "feature8": 0, "feature9": 0}, "score": 0.6054125428199768, "info": {"adv": [70.0, 8.0, 0.0, 3.0, 2.0, 0.0, 1.0, 0.0, 0.0, 2.0, 0.0, 0.0, 0.0, 7.0, 0.0, 1.0, 0.0, 0.0, 0.0, 1.0, 0.0, 0.0, 0.0, 0.0, 1.0, 0.071428571, 0.2682716758161653, 0.0, 0.0, 0.0, 0.0, 0.0, 3.0, 0.0, 1.0, 0.0, 0.0, 1.0, 0.0, 8.0, 0.0, 3.0, 6.0, 3.0000000000000004, 10.0, 6.0, 10.0, 5.5912675262130715, 6.0, 18.70771544134606, 0.0, 0.0, 0.0, 0.0, 0.0, 0.0, 0.0, 1532.0, 5628.0, 47077.0, 0.0, 1.0, 2.0], "budget": 81.0}}