{"config": {"feature0": 1, "feature1": 0, "feature10": 0, "feature11": 1, "feature12": 1, "feature13": 0, "feature14": 1, "feature15": 1, "feature16": 0, "feature17": 0, "feature18": 1, "feature19": 0, "feature2": 1, "feature20": 1, "feature21": 1, "feature22": 0, "feature23": 1, "feature24": 0, "feature25": 0, "feature26": 1, "feature27": 1, "feature28": 0, "feature29": 1, "feature3": 0, "feature30": 1, "feature31": 0, "feature32": 0, "feature33": 0, "feature34": 0, "feature35": 0, "feature36": 0, "feature37": 0, "feature38": 1, "feature39": 0, "feature4": 0, "feature40": 0, "feature41": 1, "feature42": 1, "feature43": 0, "feature44": 0, "feature45": 0, "feature46": 1, "feature47": 0, "feature48": 0, "feature49": 0, "feature5": 0, "feature50": 0, "feature51": 1, "feature52": 0, "feature53": 0, "feature54": 0, "feature55": 0, "feature56": 1, "feature57": 0, "feature58": 0, "feature59": 0, "feature6": 1, "feature60": 0, "feature61": 0, "feature62": 1, "feature7": 0, "feature8": 0, "feature9": 0}, "score": 0.721314013004303, "info": {"adv": [71.0, 14.000000000000002, 0.0, 1.0, 3.0, 0.0, 0.0, 0.0, 0.0, 0.0, 0.0, 0.0, 6.0, 4.0, 0.0, 1.0, 0.0, 0.0, 0.0, 0.0, 0.0, 0.0, 0.0, 0.0, 1.0, 0.1875, 0.0, 0.0, 0.0, 0.0, 0.0, 0.0, 1.0, 0.0, 0.0, 0.0, 0.0, 0.0, 0.0, 3.0, 2.0, 4.0, 10.0, 3.0000000000000004, 10.0, 10.0, 6.0, 2.0, 10.0, 4.5, 0.0, 0.0, 0.0, 0.0, 0.0, 0.0, 0.0, 234.0, 496.0, 116314.0, 0.0, 1.0, 0.0], "budget": 2.53125}}