{"config": {"feature0": 0, "feature1": 0, "feature10": 1, "feature11": 0, "feature12": 1, "feature13": 0, "feature14": 0, "feature15": 0, "feature16": 0, "feature17": 1, "feature18": 0, "feature19": 1, "feature2": 1, "feature20": 1, "feature21": 0, "feature22": 0, "feature23": 1, "feature24": 0, "feature25": 0, "feature26": 1, "feature27": 0, "feature28": 1, "feature29": 0, "feature3": 0, "feature30": 1, "feature31": 0, "feature32": 1, "feature33": 0, "feature34": 1, "feature35": 0, "feature36": 1, "feature37": 0, "feature38": 0, "feature39": 1, "feature4": 0, "feature40": 1, "feature41": 1, "feature42": 1, "feature43": 0, "feature44": 1, "feature45": 0, "feature46": 0, "feature47": 0, "feature48": 0, "feature49": 0, "feature5": 0, "feature50": 0, "feature51": 0, "feature52": 1, "feature53": 0, "feature54": 1, "feature55": 0, "feature56": 0, "feature57": 1, "feature58": 0, "feature59": 0, "feature6": 1, "feature60": 0, "feature61": 0, "feature62": 0, "feature7": 0, "feature8": 0, "feature9": 1}, "score": 0.6453641057014465, "info": {"adv": [38.0, 22.0, 0.0, 2.0, 3.0, 0.0, 0.0, 0.0, 0.0, 0.0, 0.0, 0.0, 4.0, 2.0, 0.0, 1.0, 0.0, 0.0, 0.0, 0.0, 0.0, 0.0, 0.0, 0.0, 1.0, 0.026315789000000003, 0.0, 0.0, 0.0, 0.0, 0.0, 0.0, 2.0, 1.0, 0.0, 0.0, 0.0, 0.0, 0.0, 8.0, 6.0, 3.0, 3.0, 3.0000000000000004, 14.000000000000002, 14.0, 4.0, 6.0, 9.66572445613445, 3.5, 0.0, 0.0, 0.0, 0.0, 0.0, 0.0, 0.0, 45.0, 3608.0, 0.0, 0.0, 1.0, 0.0], "budget": 10.125}}