{"config": {"feature0": 1, "feature1": 1, "feature10": 0, "feature11": 0, "feature12": 1, "feature13": 0, "feature14": 0, "feature15": 0, "feature16": 0, "feature17": 1, "feature18": 0, "feature19": 0, "feature2": 1, "feature20": 0, "feature21": 1, "feature22": 1, "feature23": 1, "feature24": 0, "feature25": 1, "feature26": 0, "feature27": 0, "feature28": 1, "feature29": 1, "feature3": 1, "feature30": 0, "feature31": 0, "feature32": 0, "feature33": 1, "feature34": 0, "feature35": 1, "feature36": 0, "feature37": 1, "feature38": 0, "feature39": 1, "feature4": 1, "feature40": 1, "feature41": 0, "feature42": 0, "feature43": 0, "feature44": 1, "feature45": 0, "feature46": 1, "feature47": 1, "feature48": 0, "feature49": 0, "feature5": 1, "feature50": 0, "feature51": 1, "feature52": 0, "feature53": 1, "feature54": 0, "feature55": 0, "feature56": 0, "feature57": 1, "feature58": 0, "feature59": 0, "feature6": 0, "feature60": 0, "feature61": 1, "feature62": 0, "feature7": 0, "feature8": 0, "feature9": 1}, "score": 0.7837789058685303, "info": {"adv": [135.0, 4.0, 0.0, 1.0, 3.0, 0.0, 0.0, 0.0, 0.0, 0.0, 0.0, 0.0, 4.0, 7.0, 0.0, 1.0, 0.0, 0.0, 0.0, 0.0, 0.0, 0.0, 0.0, 0.0, 1.0, 0.0, 0.0, 0.0, 0.0, 0.0, 0.0, 0.0, 1.0, 1.0, 0.0, 0.0, 0.0, 0.0, 0.0, 11.0, 0.0, 1.0, 10.0, 2.0, 11.0, 10.0, 7.000000000000001, 10.676574782572544, 11.000000000000002, 9.334963565725676, 3.0000000000000004, 0.0, 0.0, 0.0, 0.0, 0.0, 0.0, 70.0, 2415.0, 0.0, 0.0, 1.0, 0.0], "budget": 40.5}}