{"config": {"feature0": 0, "feature1": 1, "feature10": 1, "feature11": 1, "feature12": 1, "feature13": 0, "feature14": 1, "feature15": 0, "feature16": 0, "feature17": 0, "feature18": 0, "feature19": 0, "feature2": 0, "feature20": 1, "feature21": 0, "feature22": 1, "feature23": 0, "feature24": 1, "feature25": 0, "feature26": 0, "feature27": 0, "feature28": 0, "feature29": 0, "feature3": 0, "feature30": 1, "feature31": 1, "feature32": 1, "feature33": 0, "feature34": 0, "feature35": 1, "feature36": 0, "feature37": 0, "feature38": 0, "feature39": 1, "feature4": 0, "feature40": 0, "feature41": 0, "feature42": 1, "feature43": 0, "feature44": 0, "feature45": 0, "feature46": 0, "feature47": 1, "feature48": 1, "feature49": 0, "feature5": 0, "feature50": 1, "feature51": 1, "feature52": 0, "feature53": 0, "feature54": 1, "feature55": 0, "feature56": 0, "feature57": 0, "feature58": 0, "feature59": 1, "feature6": 0, "feature60": 0, "feature61": 1, "feature62": 1, "feature7": 1, "feature8": 0, "feature9": 0}, "score": 0.8853988647460938, "info": {"adv": [385.0, 22.0, 0.0, 4.0, 4.0, 1.0, 1.0, 1.0, 0.0, 2.0, 0.0, 0.0, 0.0, 3.0, 0.0, 1.0, 0.0, 0.0, 0.0, 0.0, 0.0, 2.0, 0.0, 0.0, 0.0, 0.1434994364839606, 0.0, 0.0, 0.0, 0.0, 0.0, 0.0, 3.0, 0.0, 0.0, 1.0, 0.0, 0.0, 0.0, 11.0, 7.0, 3.0, 7.0, 3.0, 300.0, 8.0, 257.0, 30.527284837592635, 7.0, 47.71428571, 1.0, 0.0, 0.0, 0.0, 0.0, 0.0, 0.0, 291.0, 1179.0, 0.0, 0.0, 1.0, 2.0], "budget": 40.5}}