{"config": {"feature0": 1, "feature1": 0, "feature10": 0, "feature11": 0, "feature12": 1, "feature13": 1, "feature14": 1, "feature15": 1, "feature16": 0, "feature17": 0, "feature18": 0, "feature19": 1, "feature2": 1, "feature20": 0, "feature21": 0, "feature22": 1, "feature23": 1, "feature24": 0, "feature25": 0, "feature26": 0, "feature27": 0, "feature28": 0, "feature29": 1, "feature3": 1, "feature30": 1, "feature31": 0, "feature32": 0, "feature33": 1, "feature34": 0, "feature35": 1, "feature36": 0, "feature37": 1, "feature38": 1, "feature39": 1, "feature4": 0, "feature40": 0, "feature41": 0, "feature42": 0, "feature43": 1, "feature44": 0, "feature45": 0, "feature46": 0, "feature47": 0, "feature48": 0, "feature49": 0, "feature5": 0, "feature50": 0, "feature51": 0, "feature52": 0, "feature53": 0, "feature54": 1, "feature55": 0, "feature56": 1, "feature57": 0, "feature58": 0, "feature59": 0, "feature6": 0, "feature60": 0, "feature61": 0, "feature62": 1, "feature7": 0, "feature8": 0, "feature9": 0}, "score": 0.6958775520324707, "info": {"adv": [114.0, 17.0, 0.0, 2.0, 3.0, 0.0, 0.0, 0.0, 0.0, 0.0, 0.0, 0.0, 5.0, 2.0, 0.0, 1.0, 0.0, 0.0, 0.0, 0.0, 0.0, 0.0, 0.0, 0.0, 1.0, 0.0, 0.0, 0.0, 0.0, 0.0, 1.0, 0.0, 2.0, 0.0, 0.0, 0.0, 0.0, 0.0, 0.0, 2.0, 0.0, 6.0, 6.0, 0.0, 7.000000000000001, 7.0, 0.0, 6.5, 6.499999999999999, 0.0, 0.0, 0.0, 0.0, 0.0, 0.0, 0.0, 0.0, 252.00000000000003, 7446.0, 0.0, 0.0, 1.0, 1.0], "budget": 10.125}}