{"config": {"feature0": 1, "feature1": 0, "feature10": 0, "feature11": 1, "feature12": 1, "feature13": 0, "feature14": 0, "feature15": 0, "feature16": 1, "feature17": 0, "feature18": 0, "feature19": 0, "feature2": 0, "feature20": 0, "feature21": 1, "feature22": 0, "feature23": 0, "feature24": 0, "feature25": 0, "feature26": 1, "feature27": 1, "feature28": 1, "feature29": 1, "feature3": 1, "feature30": 0, "feature31": 1, "feature32": 0, "feature33": 0, "feature34": 1, "feature35": 1, "feature36": 0, "feature37": 1, "feature38": 1, "feature39": 0, "feature4": 1, "feature40": 0, "feature41": 0, "feature42": 0, "feature43": 0, "feature44": 1, "feature45": 1, "feature46": 1, "feature47": 0, "feature48": 0, "feature49": 1, "feature5": 0, "feature50": 1, "feature51": 0, "feature52": 0, "feature53": 1, "feature54": 1, "feature55": 1, "feature56": 1, "feature57": 1, "feature58": 0, "feature59": 0, "feature6": 0, "feature60": 0, "feature61": 1, "feature62": 1, "feature7": 0, "feature8": 0, "feature9": 1}, "score": 0.8119519948959351, "info": {"adv": [119.0, 27.0, 1.0, 1.0, 0.0, 0.0, 0.0, 0.0, 0.0, 0.0, 0.0, 0.0, 0.0, 4.0, 0.0, 1.0, 0.0, 0.0, 0.0, 0.0, 1.0, 0.0, 0.0, 0.0, 0.0, 0.34000620620970506, 0.0, 0.0, 0.0, 0.0, 0.0, 0.0, 2.0, 0.0, 0.0, 0.0, 0.0, 0.0, 0.0, 5.0, 0.0, 2.0, 3.0, 32.0, 2.0, 19.0, 0.0, 18.0, 11.000000000000002, 41.92131291594585, 0.0, 0.0, 0.0, 0.0, 0.0, 0.0, 0.0, 214.0, 480.0, 5286759.0, 0.0, 1.0, 0.0], "budget": 40.5}}