{"config": {"feature0": 0, "feature1": 1, "feature10": 1, "feature11": 1, "feature12": 1, "feature13": 0, "feature14": 1, "feature15": 0, "feature16": 0, "feature17": 0, "feature18": 0, "feature19": 1, "feature2": 1, "feature20": 0, "feature21": 1, "feature22": 0, "feature23": 0, "feature24": 1, "feature25": 1, "feature26": 1, "feature27": 0, "feature28": 0, "feature29": 1, "feature3": 0, "feature30": 1, "feature31": 1, "feature32": 0, "feature33": 0, "feature34": 0, "feature35": 1, "feature36": 0, "feature37": 0, "feature38": 1, "feature39": 1, "feature4": 1, "feature40": 0, "feature41": 0, "feature42": 1, "feature43": 0, "feature44": 1, "feature45": 0, "feature46": 0, "feature47": 0, "feature48": 0, "feature49": 0, "feature5": 0, "feature50": 1, "feature51": 0, "feature52": 0, "feature53": 1, "feature54": 1, "feature55": 0, "feature56": 1, "feature57": 0, "feature58": 1, "feature59": 1, "feature6": 0, "feature60": 0, "feature61": 0, "feature62": 0, "feature7": 1, "feature8": 1, "feature9": 1}, "score": 0.8323284983634949, "info": {"adv": [127.0, 40.0, 1.0, 4.0, 3.0, 0.0, 1.0, 2.0, 0.0, 3.0, 2.0, 0.0, 4.0, 4.0, 0.0, 1.0, 0.0, 0.0, 0.0, 0.0, 0.0, 1.0, 0.0, 0.0, 0.0, 0.17340104650485266, 0.0, 0.0, 0.0, 0.0, 1.0, 0.0, 3.0, 1.0, 0.0, 0.0, 0.0, 1.0, 0.0, 15.0, 2.0, 2.0, 3.0, 2.0, 17.0, 13.0, 3.0, 7.769230769, 8.4, 20.56060978737463, 0.0, 0.0, 0.0, 0.0, 0.0, 0.0, 0.0, 14.0, 4004.0000000000005, 5828815.000000001, 0.0, 1.0, 0.0], "budget": 81.0}}