{"config": {"feature0": 1, "feature1": 0, "feature10": 1, "feature11": 0, "feature12": 1, "feature13": 1, "feature14": 0, "feature15": 0, "feature16": 1, "feature17": 1, "feature18": 0, "feature19": 0, "feature2": 0, "feature20": 0, "feature21": 0, "feature22": 0, "feature23": 0, "feature24": 0, "feature25": 1, "feature26": 1, "feature27": 1, "feature28": 1, "feature29": 1, "feature3": 0, "feature30": 1, "feature31": 1, "feature32": 0, "feature33": 0, "feature34": 1, "feature35": 1, "feature36": 0, "feature37": 0, "feature38": 1, "feature39": 1, "feature4": 0, "feature40": 0, "feature41": 1, "feature42": 1, "feature43": 1, "feature44": 0, "feature45": 1, "feature46": 0, "feature47": 0, "feature48": 0, "feature49": 1, "feature5": 1, "feature50": 0, "feature51": 0, "feature52": 1, "feature53": 1, "feature54": 1, "feature55": 0, "feature56": 0, "feature57": 1, "feature58": 1, "feature59": 1, "feature6": 0, "feature60": 0, "feature61": 1, "feature62": 0, "feature7": 0, "feature8": 1, "feature9": 0}, "score": 0.7876736521720886, "info": {"adv": [143.0, 10.0, 1.0, 1.0, 2.0, 0.0, 0.0, 0.0, 0.0, 0.0, 0.0, 0.0, 0.0, 5.0, 0.0, 1.0, 0.0, 0.0, 0.0, 0.0, 0.0, 0.0, 0.0, 0.0, 1.0, 0.33034161388692573, 0.0, 0.0, 0.0, 0.0, 0.0, 0.0, 1.0, 0.0, 1.0, 0.0, 0.0, 1.0, 0.0, 4.0, 5.0, 5.0, 6.0, 5.0, 6.0, 6.0, 32.0, 12.0, 6.955106511557417, 5.917574053849482, 0.0, 0.0, 0.0, 0.0, 0.0, 0.0, 0.0, 235.0, 415.0, 0.0, 0.0, 1.0, 0.0], "budget": 81.0}}