{"config": {"feature0": 1, "feature1": 1, "feature10": 1, "feature11": 0, "feature12": 1, "feature13": 1, "feature14": 0, "feature15": 1, "feature16": 0, "feature17": 0, "feature18": 0, "feature19": 0, "feature2": 0, "feature20": 1, "feature21": 1, "feature22": 0, "feature23": 1, "feature24": 1, "feature25": 0, "feature26": 1, "feature27": 0, "feature28": 1, "feature29": 1, "feature3": 0, "feature30": 0, "feature31": 1, "feature32": 0, "feature33": 1, "feature34": 0, "feature35": 0, "feature36": 0, "feature37": 0, "feature38": 1, "feature39": 0, "feature4": 0, "feature40": 1, "feature41": 0, "feature42": 1, "feature43": 0, "feature44": 1, "feature45": 0, "feature46": 0, "feature47": 0, "feature48": 1, "feature49": 0, "feature5": 0, "feature50": 1, "feature51": 1, "feature52": 1, "feature53": 0, "feature54": 1, "feature55": 0, "feature56": 0, "feature57": 0, "feature58": 0, "feature59": 1, "feature6": 1, "feature60": 1, "feature61": 1, "feature62": 1, "feature7": 0, "feature8": 1, "feature9": 0}, "score": 0.6555948853492737, "info": {"adv": [130.0, 13.0, 0.0, 2.0, 1.0, 0.0, 0.0, 0.0, 0.0, 0.0, 0.0, 0.0, 0.0, 4.0, 0.0, 1.0, 0.0, 0.0, 0.0, 1.0, 0.0, 0.0, 0.0, 0.0, 1.0, 0.0, 0.0, 0.0, 0.0, 0.0, 0.0, 0.0, 2.0, 0.0, 0.0, 0.0, 0.0, 1.0, 0.0, 10.0, 1.0, 3.0, 6.0, 4.0, 8.0, 8.0, 42.0, 9.397205504081532, 8.035185598761604, 3.5, 0.0, 0.0, 0.0, 0.0, 0.0, 0.0, 0.0, -1.0, 5392.0, 8618632.0, 0.0, 1.0, 0.0], "budget": 20.25}}