{"config": {"feature0": 0, "feature1": 1, "feature10": 0, "feature11": 1, "feature12": 1, "feature13": 0, "feature14": 0, "feature15": 1, "feature16": 0, "feature17": 0, "feature18": 1, "feature19": 1, "feature2": 1, "feature20": 0, "feature21": 1, "feature22": 0, "feature23": 0, "feature24": 1, "feature25": 1, "feature26": 0, "feature27": 1, "feature28": 0, "feature29": 0, "feature3": 0, "feature30": 0, "feature31": 1, "feature32": 0, "feature33": 1, "feature34": 0, "feature35": 1, "feature36": 0, "feature37": 1, "feature38": 0, "feature39": 0, "feature4": 0, "feature40": 1, "feature41": 1, "feature42": 0, "feature43": 0, "feature44": 0, "feature45": 1, "feature46": 0, "feature47": 0, "feature48": 1, "feature49": 1, "feature5": 0, "feature50": 1, "feature51": 1, "feature52": 1, "feature53": 1, "feature54": 0, "feature55": 0, "feature56": 1, "feature57": 1, "feature58": 0, "feature59": 0, "feature6": 1, "feature60": 0, "feature61": 0, "feature62": 0, "feature7": 0, "feature8": 0, "feature9": 1}, "score": 0.7595579624176025, "info": {"adv": [126.0, 41.0, 1.0, 3.0, 2.0, 0.0, 1.0, 2.0, 0.0, 3.0, 2.0, 0.0, 5.0, 4.0, 0.0, 1.0, 0.0, 0.0, 0.0, 0.0, 0.0, 1.0, 0.0, 0.0, 1.0, 0.15706094827329828, 0.0, 0.0, 0.0, 0.0, 1.0, 0.0, 3.0, 1.0, 0.0, 0.0, 0.0, 1.0, 0.0, 13.0, 2.0, 2.0, 3.0, 2.0, 2.0, 13.0, 7.0, 13.444821551028639, 9.318641572337892, 21.011527158000394, 0.0, 0.0, 0.0, 0.0, 0.0, 0.0, 0.0, 25.0, 3992.0, 5697976.0, 0.0, 1.0, 0.0], "budget": 5.0625}}