{"config": {"feature0": 1, "feature1": 1, "feature10": 0, "feature11": 1, "feature12": 1, "feature13": 1, "feature14": 0, "feature15": 1, "feature16": 1, "feature17": 1, "feature18": 1, "feature19": 0, "feature2": 1, "feature20": 1, "feature21": 1, "feature22": 0, "feature23": 1, "feature24": 1, "feature25": 1, "feature26": 0, "feature27": 1, "feature28": 0, "feature29": 0, "feature3": 0, "feature30": 0, "feature31": 1, "feature32": 0, "feature33": 1, "feature34": 1, "feature35": 1, "feature36": 1, "feature37": 1, "feature38": 0, "feature39": 0, "feature4": 0, "feature40": 1, "feature41": 0, "feature42": 1, "feature43": 1, "feature44": 1, "feature45": 1, "feature46": 0, "feature47": 0, "feature48": 1, "feature49": 0, "feature5": 0, "feature50": 0, "feature51": 1, "feature52": 1, "feature53": 1, "feature54": 0, "feature55": 0, "feature56": 0, "feature57": 1, "feature58": 1, "feature59": 0, "feature6": 1, "feature60": 0, "feature61": 1, "feature62": 1, "feature7": 1, "feature8": 1, "feature9": 1}, "score": 0.7714141607284546, "info": {"adv": [185.0, 41.0, 1.0, 4.0, 0.0, 0.0, 1.0, 2.0, 0.0, 3.0, 2.0, 0.0, 0.0, 3.0, 0.0, 1.0, 0.0, 0.0, 0.0, 0.0, 1.0, 1.0, 0.0, 0.0, 0.0, 0.1319398855929199, 0.0, 0.0, 0.0, 0.0, 1.0, 0.0, 3.0, 0.0, 0.0, 0.0, 0.0, 1.0, 0.0, 11.0, 0.0, 2.0, 3.0, 2.0, 17.0, 13.0, 17.0, 2.245133718975751, 9.213303165586726, 17.235345778007524, 0.0, 0.0, 0.0, 0.0, 0.0, 0.0, 0.0, 14.0, 4312.0, 5513222.0, 0.0, 1.0, 0.0], "budget": 10.125}}