{"config": {"feature0": 0, "feature1": 1, "feature10": 0, "feature11": 0, "feature12": 1, "feature13": 1, "feature14": 1, "feature15": 0, "feature16": 1, "feature17": 1, "feature18": 1, "feature19": 0, "feature2": 1, "feature20": 0, "feature21": 0, "feature22": 0, "feature23": 0, "feature24": 0, "feature25": 1, "feature26": 0, "feature27": 0, "feature28": 1, "feature29": 0, "feature3": 0, "feature30": 0, "feature31": 0, "feature32": 0, "feature33": 1, "feature34": 1, "feature35": 1, "feature36": 1, "feature37": 0, "feature38": 0, "feature39": 1, "feature4": 1, "feature40": 0, "feature41": 0, "feature42": 1, "feature43": 1, "feature44": 1, "feature45": 0, "feature46": 1, "feature47": 1, "feature48": 0, "feature49": 0, "feature5": 1, "feature50": 0, "feature51": 0, "feature52": 0, "feature53": 1, "feature54": 1, "feature55": 1, "feature56": 1, "feature57": 1, "feature58": 1, "feature59": 0, "feature6": 1, "feature60": 0, "feature61": 1, "feature62": 1, "feature7": 0, "feature8": 1, "feature9": 0}, "score": 0.5224902629852295, "info": {"adv": [74.0, 13.0, 0.0, 3.0, 4.0, 0.0, 0.0, 0.0, 0.0, 1.0, 0.0, 0.0, 5.0, 7.0, 0.0, 1.0, 0.0, 0.0, 0.0, 0.0, 1.0, 0.0, 0.0, 0.0, 0.0, 0.081081081, 0.0, 0.0, 0.0, 0.0, 0.0, 0.0, 3.0, 1.0, 0.0, 0.0, 0.0, 0.0, 0.0, 16.0, 5.0, 1.0, 4.0, 2.0, 17.0, 18.0, 7.000000000000001, 5.3, 10.0, 9.515682158504537, 2.0, 0.0, 0.0, 0.0, 0.0, 0.0, 0.0, 177.0, 597.0, 0.0, 0.0, 1.0, 2.0], "budget": 10.125}}