{"config": {"feature0": 1, "feature1": 1, "feature10": 1, "feature11": 1, "feature12": 1, "feature13": 0, "feature14": 0, "feature15": 0, "feature16": 1, "feature17": 0, "feature18": 1, "feature19": 0, "feature2": 1, "feature20": 1, "feature21": 0, "feature22": 0, "feature23": 0, "feature24": 1, "feature25": 0, "feature26": 0, "feature27": 1, "feature28": 0, "feature29": 0, "feature3": 1, "feature30": 1, "feature31": 1, "feature32": 1, "feature33": 1, "feature34": 1, "feature35": 1, "feature36": 1, "feature37": 1, "feature38": 0, "feature39": 0, "feature4": 0, "feature40": 1, "feature41": 1, "feature42": 0, "feature43": 0, "feature44": 1, "feature45": 0, "feature46": 0, "feature47": 1, "feature48": 0, "feature49": 0, "feature5": 1, "feature50": 0, "feature51": 0, "feature52": 0, "feature53": 1, "feature54": 0, "feature55": 1, "feature56": 1, "feature57": 0, "feature58": 0, "feature59": 0, "feature6": 1, "feature60": 1, "feature61": 0, "feature62": 1, "feature7": 0, "feature8": 0, "feature9": 0}, "score": 0.6807884573936462, "info": {"adv": [99.0, 12.0, 0.0, 1.0, 1.0, 0.0, 0.0, 0.0, 0.0, 0.0, 0.0, 0.0, 3.0, 3.0, 0.0, 1.0, 0.0, 0.0, 0.0, 0.0, 1.0, 0.0, 0.0, 0.0, 1.0, 0.069853393307642, 0.07304985974869689, 0.0, 0.0, 0.0, 0.0, 0.0, 2.0, 0.0, 0.0, 0.0, 0.0, 0.0, 0.0, 6.0, 3.0, 3.0, 4.0, 0.0, 10.0, 13.0, 0.0, 6.5, 6.499999999999999, 0.0, 0.0, 0.0, 0.0, 0.0, 0.0, 0.0, 0.0, -1.0, 70.0, 4187167.0, 0.0, 1.0, 0.0], "budget": 81.0}}