{"config": {"feature0": 1, "feature1": 1, "feature10": 0, "feature11": 1, "feature12": 0, "feature13": 1, "feature14": 0, "feature15": 1, "feature16": 1, "feature17": 0, "feature18": 0, "feature19": 1, "feature2": 1, "feature20": 0, "feature21": 0, "feature22": 1, "feature23": 1, "feature24": 0, "feature25": 1, "feature26": 0, "feature27": 0, "feature28": 1, "feature29": 1, "feature3": 0, "feature30": 1, "feature31": 1, "feature32": 0, "feature33": 0, "feature34": 0, "feature35": 1, "feature36": 0, "feature37": 1, "feature38": 1, "feature39": 0, "feature4": 0, "feature40": 1, "feature41": 0, "feature42": 1, "feature43": 0, "feature44": 0, "feature45": 0, "feature46": 1, "feature47": 0, "feature48": 0, "feature49": 0, "feature5": 0, "feature50": 0, "feature51": 1, "feature52": 0, "feature53": 1, "feature54": 0, "feature55": 1, "feature56": 1, "feature57": 0, "feature58": 0, "feature59": 1, "feature6": 1, "feature60": 0, "feature61": 0, "feature62": 0, "feature7": 0, "feature8": 0, "feature9": 1}, "score": 0.281197190284729, "info": {"adv": [98.0, 4.0, 0.0, 1.0, 0.0, 0.0, 0.0, 0.0, 0.0, 0.0, 0.0, 0.0, 6.0, 3.0, 0.0, 1.0, 0.0, 0.0, 0.0, 0.0, 0.0, 0.0, 0.0, 0.0, 0.0, 0.01847985675685821, 0.076923077, 0.0, 0.0, 0.0, 0.0, 0.0, 2.0, 0.0, 1.0, 0.0, 0.0, 0.0, 0.0, 2.0, 0.0, 3.0, 3.0, 0.0, 5.0, 5.0, 0.0, 5.006828998904759, 4.0, 6.699443579443569, 0.0, 0.0, 0.0, 0.0, 0.0, 0.0, 0.0, 290.0, 806.0, 45133.0, 0.0, 0.0, 1.0], "budget": 5.0625}}