{"config": {"feature0": 1, "feature1": 1, "feature10": 1, "feature11": 0, "feature12": 1, "feature13": 1, "feature14": 1, "feature15": 0, "feature16": 1, "feature17": 1, "feature18": 1, "feature19": 0, "feature2": 0, "feature20": 0, "feature21": 1, "feature22": 0, "feature23": 0, "feature24": 0, "feature25": 0, "feature26": 0, "feature27": 0, "feature28": 1, "feature29": 0, "feature3": 0, "feature30": 0, "feature31": 0, "feature32": 0, "feature33": 0, "feature34": 0, "feature35": 0, "feature36": 0, "feature37": 0, "feature38": 0, "feature39": 1, "feature4": 0, "feature40": 0, "feature41": 0, "feature42": 1, "feature43": 0, "feature44": 0, "feature45": 1, "feature46": 0, "feature47": 0, "feature48": 0, "feature49": 1, "feature5": 1, "feature50": 0, "feature51": 1, "feature52": 0, "feature53": 1, "feature54": 1, "feature55": 1, "feature56": 0, "feature57": 0, "feature58": 1, "feature59": 1, "feature6": 0, "feature60": 0, "feature61": 1, "feature62": 1, "feature7": 1, "feature8": 1, "feature9": 1}, "score": 0.792332112789154, "info": {"adv": [144.0, 36.0, 1.0, 5.0, 2.0, 0.0, 1.0, 2.0, 0.0, 4.0, 2.0, 0.0, 0.0, 5.0, 0.0, 1.0, 0.0, 0.0, 0.0, 0.0, 1.0, 1.0, 0.0, 0.0, 0.0, 0.193548387, 0.0, 0.0, 0.0, 0.0, 1.0, 0.0, 3.0, 0.0, 0.0, 0.0, 0.0, 0.0, 0.0, 13.0, 3.0, 2.0, 3.0, 2.0, 13.0, 16.0, 17.0, 2.0, 7.6, 21.2739900992958, 0.0, 0.0, 0.0, 0.0, 0.0, 0.0, 0.0, 25.0, 4692.0, 5276557.0, 0.0, 1.0, 0.0], "budget": 20.25}}