{"config": {"feature0": 0, "feature1": 1, "feature10": 1, "feature11": 1, "feature12": 0, "feature13": 0, "feature14": 0, "feature15": 1, "feature16": 1, "feature17": 0, "feature18": 0, "feature19": 0, "feature2": 0, "feature20": 1, "feature21": 1, "feature22": 0, "feature23": 0, "feature24": 0, "feature25": 0, "feature26": 1, "feature27": 0, "feature28": 1, "feature29": 0, "feature3": 0, "feature30": 1, "feature31": 0, "feature32": 1, "feature33": 1, "feature34": 1, "feature35": 0, "feature36": 0, "feature37": 0, "feature38": 1, "feature39": 0, "feature4": 0, "feature40": 1, "feature41": 0, "feature42": 1, "feature43": 1, "feature44": 1, "feature45": 1, "feature46": 1, "feature47": 0, "feature48": 0, "feature49": 0, "feature5": 0, "feature50": 1, "feature51": 1, "feature52": 0, "feature53": 0, "feature54": 0, "feature55": 0, "feature56": 0, "feature57": 1, "feature58": 0, "feature59": 1, "feature6": 0, "feature60": 0, "feature61": 0, "feature62": 1, "feature7": 0, "feature8": 0, "feature9": 0}, "score": 0.6919381618499756, "info": {"adv": [25.999999999999996, 9.0, 0.0, 2.0, 0.0, 0.0, 0.0, 0.0, 0.0, 0.0, 0.0, 0.0, 0.0, 2.0, 0.0, 1.0, 0.0, 0.0, 0.0, 1.0, 1.0, 0.0, 0.0, 0.0, 1.0, 0.076923077, 0.0479129153371388, 0.0, 0.0, 0.0, 0.0, 0.0, 2.0, 0.0, 0.0, 0.0, 0.0, 0.0, 0.0, 3.0, 3.0, 2.0, 3.0, 0.0, 10.0, 10.0, 0.0, 2.0, 6.499999999999999, 0.0, 0.0, 0.0, 0.0, 0.0, 0.0, 0.0, 0.0, 294.0, 70.0, 4293237.0, 0.0, 1.0, 0.0], "budget": 40.5}}