{"config": {"feature0": 0, "feature1": 0, "feature10": 1, "feature11": 0, "feature12": 1, "feature13": 0, "feature14": 0, "feature15": 1, "feature16": 0, "feature17": 0, "feature18": 1, "feature19": 1, "feature2": 1, "feature20": 0, "feature21": 0, "feature22": 1, "feature23": 0, "feature24": 0, "feature25": 0, "feature26": 0, "feature27": 0, "feature28": 1, "feature29": 0, "feature3": 0, "feature30": 0, "feature31": 0, "feature32": 0, "feature33": 1, "feature34": 0, "feature35": 0, "feature36": 0, "feature37": 1, "feature38": 1, "feature39": 1, "feature4": 1, "feature40": 1, "feature41": 0, "feature42": 0, "feature43": 0, "feature44": 1, "feature45": 0, "feature46": 1, "feature47": 0, "feature48": 0, "feature49": 0, "feature5": 1, "feature50": 0, "feature51": 0, "feature52": 0, "feature53": 1, "feature54": 0, "feature55": 0, "feature56": 1, "feature57": 1, "feature58": 1, "feature59": 0, "feature6": 1, "feature60": 0, "feature61": 1, "feature62": 0, "feature7": 0, "feature8": 0, "feature9": 1}, "score": 0.595325231552124, "info": {"adv": [67.0, 39.0, 0.0, 5.0, 5.0, 0.0, 0.0, 0.0, 0.0, 0.0, 0.0, 0.0, 0.0, 3.0, 0.0, 1.0, 0.0, 0.0, 0.0, 0.0, 0.0, 0.0, 0.0, 0.0, 1.0, 0.05970149300000001, 0.102564103, 0.0, 0.0, 0.0, 0.0, 0.0, 3.0, 0.0, 0.0, 1.0, 0.0, 0.0, 0.0, 12.0, 2.0, 1.0, 1.0, 4.0, 14.999999999999998, 9.0, 14.999999999999998, 6.125, 5.0, 23.70794529782273, 0.0, 0.0, 0.0, 0.0, 0.0, 0.0, 0.0, 228.0, 6093.0, 0.0, 0.0, 1.0, 5.0], "budget": 20.25}}