{"config": {"feature0": 1, "feature1": 0, "feature10": 1, "feature11": 0, "feature12": 1, "feature13": 0, "feature14": 1, "feature15": 0, "feature16": 0, "feature17": 1, "feature18": 1, "feature19": 1, "feature2": 1, "feature20": 0, "feature21": 0, "feature22": 1, "feature23": 0, "feature24": 0, "feature25": 0, "feature26": 1, "feature27": 0, "feature28": 0, "feature29": 1, "feature3": 1, "feature30": 0, "feature31": 1, "feature32": 1, "feature33": 1, "feature34": 0, "feature35": 1, "feature36": 1, "feature37": 0, "feature38": 1, "feature39": 1, "feature4": 0, "feature40": 0, "feature41": 0, "feature42": 0, "feature43": 0, "feature44": 1, "feature45": 0, "feature46": 1, "feature47": 0, "feature48": 0, "feature49": 1, "feature5": 0, "feature50": 1, "feature51": 1, "feature52": 0, "feature53": 1, "feature54": 1, "feature55": 0, "feature56": 1, "feature57": 0, "feature58": 1, "feature59": 0, "feature6": 0, "feature60": 0, "feature61": 0, "feature62": 1, "feature7": 0, "feature8": 1, "feature9": 1}, "score": 0.47638607025146484, "info": {"adv": [179.0, 20.0, 0.0, 3.0, 6.0, 0.0, 0.0, 0.0, 0.0, 0.0, 0.0, 0.0, 4.0, 6.0, 0.0, 1.0, 0.0, 0.0, 0.0, 0.0, 0.0, 0.0, 0.0, 0.0, 1.0, 0.0, 0.0, 0.0, 0.0, 0.0, 0.0, 0.0, 3.0, 0.0, 0.0, 0.0, 0.0, 1.0, 0.0, 13.0, 1.0, 1.0, 17.0, 2.0, 2.0, 17.0, 0.0, 3.400382629460128, 17.0, 18.304666947401124, 2.0, 0.0, 0.0, 0.0, 0.0, 0.0, 0.0, 46.0, 3242.0, 635883.0, 0.0, 1.0, 2.0], "budget": 1.265625}}