{"config": {"feature0": 0, "feature1": 1, "feature10": 0, "feature11": 0, "feature12": 1, "feature13": 0, "feature14": 1, "feature15": 0, "feature16": 0, "feature17": 1, "feature18": 0, "feature19": 1, "feature2": 1, "feature20": 1, "feature21": 1, "feature22": 1, "feature23": 1, "feature24": 0, "feature25": 0, "feature26": 0, "feature27": 0, "feature28": 1, "feature29": 1, "feature3": 0, "feature30": 0, "feature31": 1, "feature32": 0, "feature33": 1, "feature34": 0, "feature35": 1, "feature36": 0, "feature37": 0, "feature38": 0, "feature39": 1, "feature4": 0, "feature40": 0, "feature41": 1, "feature42": 0, "feature43": 1, "feature44": 0, "feature45": 1, "feature46": 0, "feature47": 1, "feature48": 1, "feature49": 0, "feature5": 0, "feature50": 0, "feature51": 1, "feature52": 0, "feature53": 0, "feature54": 0, "feature55": 0, "feature56": 0, "feature57": 1, "feature58": 1, "feature59": 1, "feature6": 0, "feature60": 0, "feature61": 0, "feature62": 1, "feature7": 0, "feature8": 0, "feature9": 1}, "score": 0.5401386022567749, "info": {"adv": [34.0, 6.0, 0.0, 3.0, 3.0, 0.0, 0.0, 0.0, 0.0, 0.0, 0.0, 0.0, 4.0, 3.0, 0.0, 1.0, 0.0, 0.0, 0.0, 0.0, 0.0, 0.0, 0.0, 0.0, 1.0, 0.011614964044397545, 0.0, 0.0, 0.0, 0.0, 0.0, 0.0, 3.0, 0.0, 0.0, 0.0, 0.0, 1.0, 0.0, 4.0, 0.0, 3.0, 3.0, 4.0, 8.0, 8.0, 5.0, 6.232889641842263, 6.0, 4.0, 1.0, 0.0, 0.0, 0.0, 0.0, 0.0, 0.0, 242.0, 7062.0, 1636237.0, 1.0, 1.0, 1.0], "budget": 40.5}}