{"config": {"feature0": 1, "feature1": 1, "feature10": 1, "feature11": 0, "feature12": 1, "feature13": 1, "feature14": 0, "feature15": 0, "feature16": 1, "feature17": 0, "feature18": 0, "feature19": 0, "feature2": 1, "feature20": 0, "feature21": 0, "feature22": 1, "feature23": 0, "feature24": 1, "feature25": 1, "feature26": 1, "feature27": 1, "feature28": 1, "feature29": 0, "feature3": 0, "feature30": 0, "feature31": 0, "feature32": 0, "feature33": 0, "feature34": 1, "feature35": 1, "feature36": 0, "feature37": 1, "feature38": 1, "feature39": 0, "feature4": 1, "feature40": 1, "feature41": 0, "feature42": 1, "feature43": 1, "feature44": 1, "feature45": 1, "feature46": 1, "feature47": 0, "feature48": 1, "feature49": 0, "feature5": 0, "feature50": 0, "feature51": 1, "feature52": 1, "feature53": 1, "feature54": 0, "feature55": 0, "feature56": 1, "feature57": 0, "feature58": 0, "feature59": 1, "feature6": 1, "feature60": 0, "feature61": 0, "feature62": 1, "feature7": 0, "feature8": 0, "feature9": 1}, "score": 0.5694353580474854, "info": {"adv": [107.0, 4.0, 0.0, 2.0, 4.0, 0.0, 1.0, 0.0, 0.0, 1.0, 1.0, 0.0, 4.0, 6.0, 0.0, 1.0, 0.0, 0.0, 0.0, 0.0, 0.0, 0.0, 0.0, 0.0, 1.0, 0.016129031999999998, 0.0, 0.0, 0.0, 0.0, 0.0, 0.0, 2.0, 1.0, 0.0, 0.0, 0.0, 0.0, 0.0, 14.0, 5.0, 2.0, 9.0, 1.0, 9.0, 9.0, 8.0, 6.838388033801973, 9.600371526707988, 19.69394509318166, 2.0, 0.0, 0.0, 0.0, 0.0, 0.0, 0.0, 338.0, 1853.0, 0.0, 0.0, 1.0, 2.0], "budget": 40.5}}