{"config": {"feature0": 0, "feature1": 1, "feature10": 0, "feature11": 0, "feature12": 1, "feature13": 0, "feature14": 1, "feature15": 0, "feature16": 1, "feature17": 1, "feature18": 0, "feature19": 1, "feature2": 0, "feature20": 0, "feature21": 0, "feature22": 0, "feature23": 1, "feature24": 0, "feature25": 1, "feature26": 0, "feature27": 1, "feature28": 0, "feature29": 0, "feature3": 1, "feature30": 0, "feature31": 0, "feature32": 0, "feature33": 1, "feature34": 0, "feature35": 1, "feature36": 1, "feature37": 0, "feature38": 0, "feature39": 1, "feature4": 1, "feature40": 0, "feature41": 0, "feature42": 1, "feature43": 1, "feature44": 1, "feature45": 1, "feature46": 1, "feature47": 0, "feature48": 0, "feature49": 1, "feature5": 1, "feature50": 1, "feature51": 0, "feature52": 1, "feature53": 1, "feature54": 0, "feature55": 1, "feature56": 1, "feature57": 1, "feature58": 1, "feature59": 1, "feature6": 0, "feature60": 0, "feature61": 1, "feature62": 1, "feature7": 0, "feature8": 1, "feature9": 1}, "score": 0.5630660057067871, "info": {"adv": [36.0, 21.0, 0.0, 2.0, 1.0, 0.0, 0.0, 0.0, 0.0, 0.0, 0.0, 0.0, 0.0, 2.0, 0.0, 1.0, 0.0, 0.0, 0.0, 0.0, 0.0, 0.0, 0.0, 0.0, 1.0, 0.027777778, 0.034482759, 0.0, 0.0, 0.0, 0.0, 0.0, 2.0, 0.0, 0.0, 1.0, 0.0, 1.0, 0.0, 7.0, 0.0, 9.0, 8.0, 0.0, 2.0, 15.0, 0.0, 12.0, 13.925217708394692, 7.290308895159893, 0.0, 1.0, 0.0, 0.0, 0.0, 0.0, 0.0, 374.0, 7837.0, 166363.0, 0.0, 1.0, 5.0], "budget": 81.0}}