{"config": {"feature0": 1, "feature1": 1, "feature10": 0, "feature11": 0, "feature12": 1, "feature13": 1, "feature14": 0, "feature15": 1, "feature16": 0, "feature17": 1, "feature18": 0, "feature19": 1, "feature2": 1, "feature20": 0, "feature21": 0, "feature22": 0, "feature23": 0, "feature24": 0, "feature25": 0, "feature26": 1, "feature27": 1, "feature28": 0, "feature29": 1, "feature3": 1, "feature30": 1, "feature31": 1, "feature32": 1, "feature33": 0, "feature34": 1, "feature35": 0, "feature36": 0, "feature37": 0, "feature38": 1, "feature39": 0, "feature4": 1, "feature40": 1, "feature41": 1, "feature42": 1, "feature43": 0, "feature44": 0, "feature45": 0, "feature46": 0, "feature47": 1, "feature48": 0, "feature49": 1, "feature5": 0, "feature50": 0, "feature51": 0, "feature52": 0, "feature53": 0, "feature54": 0, "feature55": 1, "feature56": 1, "feature57": 0, "feature58": 1, "feature59": 0, "feature6": 1, "feature60": 0, "feature61": 1, "feature62": 1, "feature7": 0, "feature8": 1, "feature9": 0}, "score": 0.9074352979660034, "info": {"adv": [97.0, 4.0, 1.0, 4.0, 0.0, 0.0, 1.0, 2.0, 0.0, 2.0, 0.0, 0.0, 5.0, 5.0, 0.0, 1.0, 0.0, 2.0, 0.0, 0.0, 0.0, 0.0, 0.0, 0.0, 1.0, 0.12175152821603527, 0.7167520405843548, 0.0, 0.0, 1.0, 1.0, 1.0, 3.0, 0.0, 0.0, 0.0, 0.0, 0.0, 0.0, 16.0, 2.0, 1.0, 2.0, 1.0, 2.0, 3.0, 16.0, 4.1875, 2.25, 4.833333333, 1.0, 0.0, 0.0, 0.0, 0.0, 2.0, 1.0, 0.0, 644.0, 0.0, 1.0, 1.0, 0.0], "budget": 20.25}}