{"config": {"feature0": 0, "feature1": 1, "feature10": 0, "feature11": 1, "feature12": 1, "feature13": 1, "feature14": 0, "feature15": 0, "feature16": 1, "feature17": 1, "feature18": 0, "feature19": 0, "feature2": 1, "feature20": 1, "feature21": 1, "feature22": 1, "feature23": 0, "feature24": 0, "feature25": 0, "feature26": 1, "feature27": 0, "feature28": 0, "feature29": 0, "feature3": 0, "feature30": 1, "feature31": 0, "feature32": 0, "feature33": 1, "feature34": 1, "feature35": 1, "feature36": 0, "feature37": 1, "feature38": 1, "feature39": 0, "feature4": 0, "feature40": 0, "feature41": 0, "feature42": 1, "feature43": 1, "feature44": 1, "feature45": 0, "feature46": 0, "feature47": 1, "feature48": 0, "feature49": 0, "feature5": 0, "feature50": 1, "feature51": 1, "feature52": 1, "feature53": 0, "feature54": 1, "feature55": 0, "feature56": 0, "feature57": 1, "feature58": 0, "feature59": 0, "feature6": 0, "feature60": 0, "feature61": 1, "feature62": 0, "feature7": 1, "feature8": 1, "feature9": 0}, "score": 0.5812815427780151, "info": {"adv": [62.00000000000001, 6.0, 0.0, 1.0, 3.0, 0.0, 1.0, 0.0, 0.0, 1.0, 1.0, 0.0, 3.0, 5.0, 0.0, 1.0, 0.0, 0.0, 0.0, 0.0, 0.0, 0.0, 0.0, 0.0, 1.0, 0.016129031999999998, 0.0, 0.0, 0.0, 0.0, 0.0, 0.0, 2.0, 1.0, 0.0, 0.0, 0.0, 0.0, 0.0, 12.0, 0.0, 2.0, 10.0, 2.0, 9.0, 9.0, 22.0, 3.7008912253792854, 11.027014789169499, 4.714285714, 2.0, 0.0, 0.0, 0.0, 0.0, 0.0, 0.0, 338.0, 2400.0, 0.0, 0.0, 1.0, 2.0], "budget": 10.125}}