{"config": {"feature0": 0, "feature1": 1, "feature10": 0, "feature11": 1, "feature12": 1, "feature13": 1, "feature14": 0, "feature15": 1, "feature16": 1, "feature17": 0, "feature18": 0, "feature19": 1, "feature2": 1, "feature20": 1, "feature21": 0, "feature22": 0, "feature23": 0, "feature24": 0, "feature25": 1, "feature26": 0, "feature27": 0, "feature28": 0, "feature29": 0, "feature3": 0, "feature30": 0, "feature31": 0, "feature32": 1, "feature33": 0, "feature34": 1, "feature35": 0, "feature36": 0, "feature37": 1, "feature38": 0, "feature39": 1, "feature4": 1, "feature40": 1, "feature41": 0, "feature42": 0, "feature43": 0, "feature44": 0, "feature45": 0, "feature46": 0, "feature47": 1, "feature48": 0, "feature49": 0, "feature5": 1, "feature50": 1, "feature51": 0, "feature52": 0, "feature53": 0, "feature54": 1, "feature55": 0, "feature56": 0, "feature57": 1, "feature58": 0, "feature59": 0, "feature6": 0, "feature60": 0, "feature61": 0, "feature62": 0, "feature7": 0, "feature8": 1, "feature9": 1}, "score": 0.6787898540496826, "info": {"adv": [25.999999999999996, 7.0, 0.0, 1.0, 3.0, 0.0, 0.0, 0.0, 0.0, 0.0, 0.0, 0.0, 2.0, 2.0, 0.0, 1.0, 0.0, 0.0, 0.0, 0.0, 0.0, 0.0, 0.0, 0.0, 1.0, 0.038461538, 0.009653367109868905, 0.0, 0.0, 0.0, 0.0, 0.0, 2.0, 0.0, 1.0, 0.0, 0.0, 0.0, 0.0, 3.0, 0.0, 2.0, 4.0, 0.0, 8.0, 7.0, 0.0, 4.333333333, 4.333333333, 0.0, 0.0, 0.0, 0.0, 0.0, 0.0, 0.0, 0.0, 228.0, 137.0, 0.0, 0.0, 1.0, 0.0], "budget": 81.0}}