{"config": {"feature0": 1, "feature1": 1, "feature10": 0, "feature11": 0, "feature12": 1, "feature13": 1, "feature14": 0, "feature15": 0, "feature16": 0, "feature17": 0, "feature18": 0, "feature19": 0, "feature2": 1, "feature20": 1, "feature21": 0, "feature22": 1, "feature23": 1, "feature24": 1, "feature25": 0, "feature26": 1, "feature27": 0, "feature28": 1, "feature29": 1, "feature3": 0, "feature30": 0, "feature31": 0, "feature32": 1, "feature33": 1, "feature34": 0, "feature35": 1, "feature36": 0, "feature37": 0, "feature38": 0, "feature39": 1, "feature4": 0, "feature40": 0, "feature41": 1, "feature42": 1, "feature43": 0, "feature44": 0, "feature45": 0, "feature46": 1, "feature47": 1, "feature48": 1, "feature49": 1, "feature5": 1, "feature50": 0, "feature51": 1, "feature52": 0, "feature53": 1, "feature54": 0, "feature55": 1, "feature56": 0, "feature57": 1, "feature58": 1, "feature59": 0, "feature6": 0, "feature60": 1, "feature61": 1, "feature62": 1, "feature7": 0, "feature8": 0, "feature9": 0}, "score": 0.8068208694458008, "info": {"adv": [135.0, 20.0, 1.0, 2.0, 3.0, 0.0, 0.0, 0.0, 0.0, 0.0, 0.0, 0.0, 5.0, 8.0, 0.0, 1.0, 0.0, 1.0, 0.0, 0.0, 0.0, 0.0, 0.0, 0.0, 1.0, 0.152173913, 0.0, 0.0, 0.0, 0.0, 0.0, 0.0, 2.0, 1.0, 0.0, 0.0, 0.0, 0.0, 0.0, 7.000000000000001, 2.0, 1.0, 15.0, 2.0, 2.0, 15.0, 32.0, 12.474627802860365, 15.000000000000002, 21.522176208169114, 3.0000000000000004, 0.0, 0.0, 0.0, 0.0, 0.0, 0.0, 1003.0, -12.0, 0.0, 0.0, 1.0, 1.0], "budget": 81.0}}