{"config": {"feature0": 0, "feature1": 1, "feature10": 0, "feature11": 0, "feature12": 1, "feature13": 0, "feature14": 0, "feature15": 0, "feature16": 1, "feature17": 0, "feature18": 1, "feature19": 0, "feature2": 1, "feature20": 0, "feature21": 1, "feature22": 0, "feature23": 1, "feature24": 1, "feature25": 0, "feature26": 0, "feature27": 0, "feature28": 0, "feature29": 0, "feature3": 0, "feature30": 0, "feature31": 1, "feature32": 1, "feature33": 0, "feature34": 1, "feature35": 1, "feature36": 1, "feature37": 0, "feature38": 0, "feature39": 0, "feature4": 1, "feature40": 0, "feature41": 0, "feature42": 0, "feature43": 0, "feature44": 0, "feature45": 1, "feature46": 0, "feature47": 0, "feature48": 1, "feature49": 0, "feature5": 1, "feature50": 1, "feature51": 0, "feature52": 1, "feature53": 0, "feature54": 1, "feature55": 0, "feature56": 0, "feature57": 0, "feature58": 1, "feature59": 0, "feature6": 0, "feature60": 1, "feature61": 0, "feature62": 0, "feature7": 1, "feature8": 0, "feature9": 0}, "score": 0.66363126039505, "info": {"adv": [25.0, 5.0, 0.0, 2.0, 3.0, 0.0, 0.0, 0.0, 0.0, 0.0, 0.0, 0.0, 5.0, 3.0, 0.0, 1.0, 0.0, 0.0, 0.0, 0.0, 0.0, 0.0, 0.0, 0.0, 1.0, 0.0, 0.0, 0.0, 0.0, 0.0, 0.0, 0.0, 2.0, 0.0, 0.0, 0.0, 0.0, 0.0, 0.0, 2.0, 0.0, 5.0, 5.0, 0.0, 6.0, 4.0, 0.0, 5.5, 7.186688131582292, 0.0, 0.0, 0.0, 0.0, 0.0, 0.0, 2.0, 1.0, -1.0, 104.0, 63985.0, 0.0, 1.0, 0.0], "budget": 81.0}}