{"config": {"feature0": 1, "feature1": 1, "feature10": 0, "feature11": 1, "feature12": 1, "feature13": 1, "feature14": 0, "feature15": 0, "feature16": 1, "feature17": 0, "feature18": 1, "feature19": 1, "feature2": 1, "feature20": 1, "feature21": 1, "feature22": 0, "feature23": 1, "feature24": 0, "feature25": 0, "feature26": 0, "feature27": 1, "feature28": 0, "feature29": 0, "feature3": 0, "feature30": 0, "feature31": 0, "feature32": 1, "feature33": 0, "feature34": 0, "feature35": 0, "feature36": 0, "feature37": 0, "feature38": 0, "feature39": 0, "feature4": 0, "feature40": 1, "feature41": 0, "feature42": 0, "feature43": 1, "feature44": 0, "feature45": 0, "feature46": 0, "feature47": 0, "feature48": 0, "feature49": 1, "feature5": 0, "feature50": 0, "feature51": 0, "feature52": 0, "feature53": 1, "feature54": 0, "feature55": 1, "feature56": 0, "feature57": 0, "feature58": 1, "feature59": 1, "feature6": 0, "feature60": 1, "feature61": 0, "feature62": 0, "feature7": 0, "feature8": 1, "feature9": 1}, "score": 0.7680196166038513, "info": {"adv": [79.0, 38.0, 1.0, 4.0, 4.0, 0.0, 1.0, 2.0, 0.0, 3.0, 1.0, 0.0, 0.0, 4.0, 0.0, 1.0, 0.0, 0.0, 0.0, 0.0, 0.0, 1.0, 0.0, 0.0, 1.0, 0.150793651, 0.0, 0.0, 0.0, 0.0, 1.0, 0.0, 3.0, 1.0, 0.0, 0.0, 0.0, 1.0, 0.0, 13.0, 2.0, 2.0, 3.0, 2.0, 19.0, 13.0, 17.0, 7.769230769, 8.4, 22.30902191808358, 0.0, 0.0, 0.0, 0.0, 0.0, 0.0, 0.0, 858.0, 3992.0, 5697976.0, 0.0, 1.0, 0.0], "budget": 20.25}}