{"config": {"feature0": 1, "feature1": 1, "feature10": 0, "feature11": 0, "feature12": 1, "feature13": 1, "feature14": 0, "feature15": 1, "feature16": 0, "feature17": 0, "feature18": 0, "feature19": 1, "feature2": 1, "feature20": 0, "feature21": 1, "feature22": 0, "feature23": 0, "feature24": 0, "feature25": 1, "feature26": 0, "feature27": 0, "feature28": 1, "feature29": 0, "feature3": 0, "feature30": 1, "feature31": 1, "feature32": 1, "feature33": 1, "feature34": 0, "feature35": 1, "feature36": 1, "feature37": 0, "feature38": 0, "feature39": 1, "feature4": 1, "feature40": 1, "feature41": 1, "feature42": 1, "feature43": 0, "feature44": 1, "feature45": 1, "feature46": 0, "feature47": 0, "feature48": 1, "feature49": 0, "feature5": 1, "feature50": 0, "feature51": 0, "feature52": 0, "feature53": 1, "feature54": 1, "feature55": 1, "feature56": 1, "feature57": 1, "feature58": 1, "feature59": 0, "feature6": 1, "feature60": 0, "feature61": 1, "feature62": 0, "feature7": 0, "feature8": 0, "feature9": 1}, "score": 0.6072718501091003, "info": {"adv": [113.0, 21.0, 0.0, 5.0, 1.0, 0.0, 0.0, 0.0, 0.0, 0.0, 0.0, 0.0, 0.0, 3.0, 0.0, 1.0, 0.0, 0.0, 0.0, 0.0, 0.0, 0.0, 0.0, 0.0, 0.0, 0.03388828611780526, 0.0027150494500837287, 0.0, 0.0, 0.0, 0.0, 0.0, 3.0, 0.0, 0.0, 1.0, 0.0, 0.0, 0.0, 6.0, 2.0, 1.0, 1.0, 4.0, 14.999999999999998, 15.0, 14.999999999999998, 6.833333333, 5.500000000000001, 14.96279655066676, 0.0, 0.0, 0.0, 0.0, 0.0, 0.0, 0.0, 228.0, 6289.0, 0.0, 0.0, 1.0, 5.0], "budget": 40.5}}