{"config": {"feature0": 0, "feature1": 1, "feature10": 1, "feature11": 0, "feature12": 1, "feature13": 1, "feature14": 1, "feature15": 1, "feature16": 0, "feature17": 1, "feature18": 0, "feature19": 0, "feature2": 0, "feature20": 0, "feature21": 1, "feature22": 0, "feature23": 0, "feature24": 1, "feature25": 0, "feature26": 1, "feature27": 0, "feature28": 0, "feature29": 1, "feature3": 0, "feature30": 0, "feature31": 1, "feature32": 1, "feature33": 0, "feature34": 1, "feature35": 1, "feature36": 0, "feature37": 0, "feature38": 1, "feature39": 1, "feature4": 0, "feature40": 0, "feature41": 1, "feature42": 1, "feature43": 0, "feature44": 0, "feature45": 0, "feature46": 0, "feature47": 0, "feature48": 0, "feature49": 0, "feature5": 0, "feature50": 0, "feature51": 0, "feature52": 0, "feature53": 1, "feature54": 1, "feature55": 0, "feature56": 0, "feature57": 1, "feature58": 1, "feature59": 1, "feature6": 0, "feature60": 1, "feature61": 1, "feature62": 0, "feature7": 1, "feature8": 1, "feature9": 1}, "score": 0.505128026008606, "info": {"adv": [72.0, 11.0, 0.0, 4.0, 3.0, 0.0, 0.0, 0.0, 0.0, 0.0, 0.0, 0.0, 0.0, 8.0, 0.0, 1.0, 0.0, 0.0, 0.0, 1.0, 1.0, 1.0, 0.0, 0.0, 1.0, 0.01701505094737221, 0.0, 0.0, 0.0, 0.0, 0.0, 0.0, 3.0, 0.0, 1.0, 0.0, 0.0, 0.0, 0.0, 9.0, 3.0, 1.0, 3.0, 1.0, 10.0, 9.0, 10.0, 5.666666667, 6.0, 17.228775985143052, 0.0, 0.0, 0.0, 0.0, 0.0, 0.0, 0.0, 1193.0, 3379.0, 0.0, 0.0, 1.0, 0.0], "budget": 2.53125}}