{"config": {"feature0": 0, "feature1": 1, "feature10": 0, "feature11": 0, "feature12": 0, "feature13": 1, "feature14": 1, "feature15": 1, "feature16": 0, "feature17": 0, "feature18": 0, "feature19": 1, "feature2": 0, "feature20": 1, "feature21": 0, "feature22": 1, "feature23": 0, "feature24": 0, "feature25": 0, "feature26": 0, "feature27": 0, "feature28": 0, "feature29": 1, "feature3": 0, "feature30": 1, "feature31": 0, "feature32": 0, "feature33": 1, "feature34": 1, "feature35": 0, "feature36": 1, "feature37": 1, "feature38": 0, "feature39": 0, "feature4": 0, "feature40": 0, "feature41": 0, "feature42": 0, "feature43": 0, "feature44": 0, "feature45": 1, "feature46": 1, "feature47": 1, "feature48": 1, "feature49": 0, "feature5": 0, "feature50": 0, "feature51": 1, "feature52": 1, "feature53": 0, "feature54": 1, "feature55": 1, "feature56": 0, "feature57": 1, "feature58": 1, "feature59": 1, "feature6": 1, "feature60": 0, "feature61": 1, "feature62": 0, "feature7": 0, "feature8": 0, "feature9": 0}, "score": 0.08594495803117752, "info": {"adv": [43.0, 4.0, 0.0, 3.0, 2.0, 0.0, 0.0, 0.0, 0.0, 0.0, 0.0, 0.0, 0.0, 2.0, 0.0, 1.0, 0.0, 0.0, 0.0, 0.0, 1.0, 0.0, 0.0, 0.0, 1.0, 0.0, 0.0, 0.0, 0.0, 0.0, 0.0, 0.0, 3.0, 0.0, 0.0, 0.0, 0.0, 1.0, 0.0, 6.0, 1.0, 3.0, 3.0, 5.0, 7.000000000000001, 7.0, 5.0, 4.641983074365618, 7.464053940789438, 4.0, 0.0, 0.0, 0.0, 0.0, 0.0, 0.0, 0.0, 151.0, 2200.0, 70853.0, 0.0, 0.0, 4.0], "budget": 20.25}}