{"config": {"feature0": 1, "feature1": 1, "feature10": 0, "feature11": 1, "feature12": 1, "feature13": 1, "feature14": 0, "feature15": 1, "feature16": 0, "feature17": 0, "feature18": 0, "feature19": 1, "feature2": 1, "feature20": 0, "feature21": 0, "feature22": 1, "feature23": 0, "feature24": 0, "feature25": 0, "feature26": 1, "feature27": 0, "feature28": 0, "feature29": 0, "feature3": 0, "feature30": 1, "feature31": 0, "feature32": 1, "feature33": 1, "feature34": 0, "feature35": 0, "feature36": 1, "feature37": 1, "feature38": 0, "feature39": 1, "feature4": 0, "feature40": 0, "feature41": 0, "feature42": 0, "feature43": 0, "feature44": 0, "feature45": 1, "feature46": 1, "feature47": 1, "feature48": 0, "feature49": 0, "feature5": 1, "feature50": 0, "feature51": 1, "feature52": 1, "feature53": 0, "feature54": 0, "feature55": 1, "feature56": 0, "feature57": 0, "feature58": 0, "feature59": 1, "feature6": 1, "feature60": 1, "feature61": 1, "feature62": 1, "feature7": 0, "feature8": 1, "feature9": 1}, "score": 0.4387301206588745, "info": {"adv": [105.0, 29.0, 0.0, 4.0, 2.0, 0.0, 0.0, 0.0, 0.0, 0.0, 0.0, 0.0, 4.0, 3.0, 0.0, 1.0, 0.0, 0.0, 0.0, 0.0, 1.0, 0.0, 0.0, 0.0, 1.0, 0.0, 0.0, 0.0, 0.0, 0.0, 0.0, 0.0, 3.0, 0.0, 0.0, 0.0, 0.0, 1.0, 0.0, 5.0, 0.0, 4.0, 3.0, 3.0000000000000004, 11.0, 12.0, 5.0, 11.958087383329701, 8.985065337452566, 4.0, 1.0, 0.0, 0.0, 0.0, 0.0, 0.0, 0.0, 242.0, 7564.0, 1660618.0, 1.0, 1.0, 2.0], "budget": 10.125}}