{"config": {"feature0": 1, "feature1": 1, "feature10": 1, "feature11": 0, "feature12": 1, "feature13": 0, "feature14": 0, "feature15": 0, "feature16": 1, "feature17": 0, "feature18": 1, "feature19": 0, "feature2": 0, "feature20": 1, "feature21": 0, "feature22": 0, "feature23": 1, "feature24": 0, "feature25": 1, "feature26": 1, "feature27": 1, "feature28": 1, "feature29": 0, "feature3": 0, "feature30": 1, "feature31": 1, "feature32": 0, "feature33": 1, "feature34": 0, "feature35": 1, "feature36": 1, "feature37": 1, "feature38": 0, "feature39": 0, "feature4": 0, "feature40": 1, "feature41": 1, "feature42": 1, "feature43": 1, "feature44": 1, "feature45": 0, "feature46": 0, "feature47": 0, "feature48": 1, "feature49": 1, "feature5": 1, "feature50": 0, "feature51": 1, "feature52": 0, "feature53": 1, "feature54": 0, "feature55": 0, "feature56": 0, "feature57": 0, "feature58": 1, "feature59": 0, "feature6": 0, "feature60": 0, "feature61": 0, "feature62": 1, "feature7": 0, "feature8": 1, "feature9": 1}, "score": 0.5747835040092468, "info": {"adv": [154.0, 4.0, 0.0, 2.0, 3.0, 0.0, 1.0, 0.0, 0.0, 1.0, 1.0, 0.0, 0.0, 4.0, 0.0, 1.0, 0.0, 0.0, 0.0, 1.0, 0.0, 0.0, 0.0, 0.0, 1.0, 0.0, 0.0, 0.0, 0.0, 0.0, 0.0, 0.0, 2.0, 1.0, 0.0, 0.0, 0.0, 0.0, 0.0, 9.0, 0.0, 2.0, 9.0, 2.0, 18.0, 10.0, 8.0, 5.697606281660587, 9.0, 14.254925497820693, 2.0, 0.0, 0.0, 0.0, 0.0, 0.0, 0.0, 338.0, 1853.0, 0.0, 0.0, 1.0, 2.0], "budget": 81.0}}