{"config": {"feature0": 1, "feature1": 1, "feature10": 0, "feature11": 0, "feature12": 1, "feature13": 0, "feature14": 0, "feature15": 1, "feature16": 1, "feature17": 1, "feature18": 0, "feature19": 0, "feature2": 1, "feature20": 1, "feature21": 0, "feature22": 0, "feature23": 0, "feature24": 1, "feature25": 0, "feature26": 1, "feature27": 0, "feature28": 1, "feature29": 0, "feature3": 0, "feature30": 0, "feature31": 1, "feature32": 0, "feature33": 0, "feature34": 1, "feature35": 0, "feature36": 1, "feature37": 0, "feature38": 0, "feature39": 1, "feature4": 1, "feature40": 1, "feature41": 0, "feature42": 0, "feature43": 1, "feature44": 0, "feature45": 0, "feature46": 1, "feature47": 0, "feature48": 0, "feature49": 0, "feature5": 0, "feature50": 0, "feature51": 0, "feature52": 0, "feature53": 0, "feature54": 0, "feature55": 0, "feature56": 0, "feature57": 1, "feature58": 1, "feature59": 1, "feature6": 0, "feature60": 1, "feature61": 1, "feature62": 1, "feature7": 1, "feature8": 1, "feature9": 0}, "score": 0.7476793527603149, "info": {"adv": [137.0, 11.0, 0.0, 2.0, 2.0, 0.0, 0.0, 0.0, 0.0, 0.0, 0.0, 0.0, 0.0, 5.0, 0.0, 1.0, 0.0, 0.0, 0.0, 1.0, 1.0, 0.0, 0.0, 0.0, 1.0, 0.0, 0.0, 0.0, 0.0, 0.0, 0.0, 0.0, 2.0, 0.0, 0.0, 1.0, 0.0, 1.0, 0.0, 5.0, 3.0, 3.0, 3.0, 5.0, 7.000000000000001, 7.0, 6.0, 5.4, 5.0, 5.666666667, 0.0, 0.0, 0.0, 0.0, 0.0, 0.0, 0.0, -1.0, 760.0, 398609.0, 0.0, 1.0, 0.0], "budget": 81.0}}