{"config": {"feature0": 0, "feature1": 0, "feature10": 0, "feature11": 0, "feature12": 1, "feature13": 1, "feature14": 0, "feature15": 1, "feature16": 1, "feature17": 0, "feature18": 0, "feature19": 1, "feature2": 0, "feature20": 0, "feature21": 0, "feature22": 1, "feature23": 0, "feature24": 0, "feature25": 1, "feature26": 1, "feature27": 0, "feature28": 1, "feature29": 0, "feature3": 1, "feature30": 0, "feature31": 0, "feature32": 0, "feature33": 1, "feature34": 0, "feature35": 1, "feature36": 1, "feature37": 0, "feature38": 1, "feature39": 0, "feature4": 0, "feature40": 0, "feature41": 0, "feature42": 0, "feature43": 1, "feature44": 1, "feature45": 1, "feature46": 0, "feature47": 0, "feature48": 0, "feature49": 1, "feature5": 0, "feature50": 1, "feature51": 0, "feature52": 0, "feature53": 1, "feature54": 0, "feature55": 0, "feature56": 1, "feature57": 0, "feature58": 0, "feature59": 1, "feature6": 0, "feature60": 1, "feature61": 1, "feature62": 1, "feature7": 0, "feature8": 1, "feature9": 1}, "score": 0.6237024068832397, "info": {"adv": [63.0, 19.0, 0.0, 2.0, 4.0, 0.0, 0.0, 0.0, 0.0, 0.0, 0.0, 0.0, 0.0, 8.0, 0.0, 1.0, 0.0, 0.0, 0.0, 0.0, 1.0, 0.0, 0.0, 0.0, 1.0, 0.0, 0.0, 0.0, 0.0, 0.0, 0.0, 0.0, 2.0, 1.0, 0.0, 0.0, 0.0, 0.0, 0.0, 12.0, 7.0, 2.0, 3.0, 2.0, 2.0, 11.0, 0.0, 5.5, 7.0, 18.90714827348307, 1.0, 0.0, 0.0, 0.0, 0.0, 1.0, 0.0, 1499.0, -12.0, 0.0, 0.0, 1.0, 0.0], "budget": 10.125}}