{"config": {"feature0": 0, "feature1": 1, "feature10": 0, "feature11": 1, "feature12": 1, "feature13": 1, "feature14": 0, "feature15": 1, "feature16": 1, "feature17": 0, "feature18": 0, "feature19": 1, "feature2": 1, "feature20": 1, "feature21": 0, "feature22": 0, "feature23": 0, "feature24": 0, "feature25": 0, "feature26": 0, "feature27": 1, "feature28": 0, "feature29": 0, "feature3": 1, "feature30": 0, "feature31": 0, "feature32": 0, "feature33": 0, "feature34": 1, "feature35": 0, "feature36": 0, "feature37": 1, "feature38": 1, "feature39": 1, "feature4": 0, "feature40": 1, "feature41": 1, "feature42": 0, "feature43": 1, "feature44": 1, "feature45": 1, "feature46": 1, "feature47": 0, "feature48": 0, "feature49": 0, "feature5": 0, "feature50": 0, "feature51": 1, "feature52": 1, "feature53": 1, "feature54": 0, "feature55": 0, "feature56": 1, "feature57": 0, "feature58": 0, "feature59": 0, "feature6": 0, "feature60": 0, "feature61": 0, "feature62": 0, "feature7": 1, "feature8": 0, "feature9": 0}, "score": 0.7378724813461304, "info": {"adv": [118.0, 30.0, 1.0, 4.0, 2.0, 0.0, 1.0, 2.0, 0.0, 3.0, 2.0, 0.0, 2.0, 3.0, 0.0, 1.0, 0.0, 0.0, 0.0, 0.0, 0.0, 1.0, 0.0, 0.0, 1.0, 0.13559322, 0.0, 0.0, 0.0, 0.0, 1.0, 0.0, 3.0, 0.0, 0.0, 0.0, 0.0, 1.0, 0.0, 17.0, 8.0, 2.0, 3.0, 2.0, 17.0, 13.0, 17.0, 4.970510674995987, 9.353914746075644, 13.277805180892269, 0.0, 0.0, 0.0, 0.0, 0.0, 0.0, 0.0, 25.0, 3992.0, 5697976.0, 0.0, 1.0, 0.0], "budget": 40.5}}