{"config": {"feature0": 1, "feature1": 1, "feature10": 0, "feature11": 0, "feature12": 1, "feature13": 0, "feature14": 1, "feature15": 0, "feature16": 0, "feature17": 0, "feature18": 0, "feature19": 1, "feature2": 1, "feature20": 1, "feature21": 0, "feature22": 1, "feature23": 0, "feature24": 0, "feature25": 0, "feature26": 0, "feature27": 0, "feature28": 0, "feature29": 1, "feature3": 1, "feature30": 0, "feature31": 0, "feature32": 0, "feature33": 1, "feature34": 0, "feature35": 0, "feature36": 0, "feature37": 1, "feature38": 0, "feature39": 1, "feature4": 0, "feature40": 0, "feature41": 1, "feature42": 1, "feature43": 1, "feature44": 1, "feature45": 0, "feature46": 0, "feature47": 1, "feature48": 1, "feature49": 1, "feature5": 1, "feature50": 0, "feature51": 0, "feature52": 0, "feature53": 0, "feature54": 0, "feature55": 1, "feature56": 0, "feature57": 0, "feature58": 1, "feature59": 0, "feature6": 0, "feature60": 0, "feature61": 0, "feature62": 0, "feature7": 0, "feature8": 1, "feature9": 1}, "score": 0.5610946416854858, "info": {"adv": [179.0, 4.0, 0.0, 4.0, 2.0, 0.0, 1.0, 0.0, 0.0, 3.0, 0.0, 0.0, 0.0, 6.0, 0.0, 1.0, 0.0, 0.0, 0.0, 0.0, 1.0, 0.0, 0.0, 0.0, 1.0, 0.047058824000000006, 0.0, 0.0, 0.0, 0.0, 0.0, 0.0, 3.0, 0.0, 0.0, 0.0, 0.0, 0.0, 0.0, 15.0, 3.0, 3.0, 2.0, 4.0, 2.0, 7.0, 26.0, 6.1, 4.0, 6.625, 0.0, 0.0, 0.0, 0.0, 0.0, 0.0, 0.0, 293.0, 5186.0, 10408014.0, 0.0, 1.0, 1.0], "budget": 10.125}}