{"config": {"feature0": 1, "feature1": 0, "feature10": 1, "feature11": 1, "feature12": 1, "feature13": 0, "feature14": 0, "feature15": 0, "feature16": 0, "feature17": 0, "feature18": 1, "feature19": 0, "feature2": 1, "feature20": 1, "feature21": 1, "feature22": 1, "feature23": 1, "feature24": 0, "feature25": 1, "feature26": 0, "feature27": 1, "feature28": 1, "feature29": 0, "feature3": 0, "feature30": 0, "feature31": 1, "feature32": 0, "feature33": 0, "feature34": 0, "feature35": 0, "feature36": 0, "feature37": 1, "feature38": 1, "feature39": 0, "feature4": 0, "feature40": 1, "feature41": 1, "feature42": 1, "feature43": 1, "feature44": 0, "feature45": 1, "feature46": 0, "feature47": 0, "feature48": 0, "feature49": 0, "feature5": 0, "feature50": 1, "feature51": 1, "feature52": 0, "feature53": 1, "feature54": 0, "feature55": 0, "feature56": 0, "feature57": 0, "feature58": 0, "feature59": 0, "feature6": 0, "feature60": 1, "feature61": 0, "feature62": 1, "feature7": 1, "feature8": 1, "feature9": 1}, "score": 0.6616771817207336, "info": {"adv": [117.0, 26.0, 0.0, 1.0, 3.0, 0.0, 0.0, 0.0, 0.0, 0.0, 1.0, 0.0, 3.0, 7.0, 0.0, 1.0, 0.0, 0.0, 0.0, 0.0, 1.0, 0.0, 0.0, 0.0, 1.0, 0.0, 0.0, 0.0, 0.0, 0.0, 0.0, 0.0, 2.0, 1.0, 0.0, 0.0, 0.0, 0.0, 0.0, 8.0, 16.0, 2.0, 3.0, 2.0, 18.0, 18.0, 21.0, 5.212505218603144, 10.5, 9.730739840120206, 2.0, 0.0, 0.0, 0.0, 0.0, 0.0, 0.0, 1778.0, 2295.0, 540328.0, 0.0, 1.0, 0.0], "budget": 81.0}}