{"config": {"feature0": 1, "feature1": 0, "feature10": 0, "feature11": 0, "feature12": 1, "feature13": 0, "feature14": 0, "feature15": 0, "feature16": 0, "feature17": 1, "feature18": 0, "feature19": 0, "feature2": 0, "feature20": 0, "feature21": 0, "feature22": 0, "feature23": 0, "feature24": 0, "feature25": 0, "feature26": 1, "feature27": 0, "feature28": 0, "feature29": 0, "feature3": 1, "feature30": 1, "feature31": 0, "feature32": 0, "feature33": 0, "feature34": 0, "feature35": 0, "feature36": 1, "feature37": 1, "feature38": 0, "feature39": 0, "feature4": 1, "feature40": 0, "feature41": 0, "feature42": 1, "feature43": 0, "feature44": 0, "feature45": 1, "feature46": 0, "feature47": 1, "feature48": 0, "feature49": 1, "feature5": 1, "feature50": 1, "feature51": 0, "feature52": 0, "feature53": 0, "feature54": 1, "feature55": 1, "feature56": 1, "feature57": 1, "feature58": 1, "feature59": 1, "feature6": 0, "feature60": 1, "feature61": 1, "feature62": 0, "feature7": 0, "feature8": 0, "feature9": 0}, "score": 0.3094298243522644, "info": {"adv": [124.0, 16.0, 0.0, 2.0, 2.0, 0.0, 0.0, 0.0, 0.0, 0.0, 0.0, 0.0, 0.0, 5.0, 0.0, 1.0, 0.0, 0.0, 0.0, 0.0, 0.0, 0.0, 0.0, 0.0, 0.0, 0.0, 0.0, 0.0, 0.0, 0.0, 0.0, 0.0, 2.0, 0.0, 0.0, 0.0, 0.0, 2.0, 0.0, 4.0, 11.0, 4.0, 4.0, 4.0, 2.0, 4.0, 0.0, 6.5, 5.500000000000001, 7.5, 2.0, 1.0, 0.0, 0.0, 0.0, 0.0, 0.0, 1733.0, 8947.0, 1.0, 0.0, 1.0, 10.0], "budget": 5.0625}}