{"config": {"feature0": 0, "feature1": 1, "feature10": 1, "feature11": 1, "feature12": 1, "feature13": 0, "feature14": 0, "feature15": 1, "feature16": 1, "feature17": 1, "feature18": 0, "feature19": 0, "feature2": 0, "feature20": 0, "feature21": 1, "feature22": 0, "feature23": 0, "feature24": 1, "feature25": 1, "feature26": 0, "feature27": 0, "feature28": 1, "feature29": 0, "feature3": 1, "feature30": 0, "feature31": 1, "feature32": 0, "feature33": 1, "feature34": 1, "feature35": 1, "feature36": 1, "feature37": 0, "feature38": 1, "feature39": 0, "feature4": 0, "feature40": 0, "feature41": 0, "feature42": 0, "feature43": 1, "feature44": 1, "feature45": 0, "feature46": 1, "feature47": 1, "feature48": 1, "feature49": 0, "feature5": 0, "feature50": 0, "feature51": 0, "feature52": 0, "feature53": 1, "feature54": 1, "feature55": 1, "feature56": 1, "feature57": 1, "feature58": 0, "feature59": 0, "feature6": 0, "feature60": 0, "feature61": 1, "feature62": 0, "feature7": 1, "feature8": 0, "feature9": 0}, "score": 0.591243326663971, "info": {"adv": [62.00000000000001, 4.0, 0.0, 2.0, 3.0, 0.0, 1.0, 0.0, 0.0, 1.0, 1.0, 0.0, 0.0, 6.0, 0.0, 1.0, 0.0, 0.0, 0.0, 0.0, 0.0, 0.0, 0.0, 0.0, 1.0, 0.014941659697821035, 0.0, 0.0, 0.0, 0.0, 0.0, 0.0, 2.0, 1.0, 0.0, 0.0, 0.0, 0.0, 0.0, 5.0, 0.0, 1.0, 10.0, 2.0, 9.0, 9.0, 8.0, 5.25, 9.0, 20.875746176129095, 2.0, 0.0, 0.0, 0.0, 0.0, 0.0, 0.0, 338.0, 2530.0, 0.0, 0.0, 1.0, 2.0], "budget": 81.0}}