{"config": {"feature0": 0, "feature1": 1, "feature10": 1, "feature11": 0, "feature12": 1, "feature13": 1, "feature14": 1, "feature15": 1, "feature16": 1, "feature17": 1, "feature18": 1, "feature19": 0, "feature2": 0, "feature20": 0, "feature21": 0, "feature22": 0, "feature23": 0, "feature24": 0, "feature25": 1, "feature26": 0, "feature27": 1, "feature28": 1, "feature29": 0, "feature3": 0, "feature30": 1, "feature31": 1, "feature32": 0, "feature33": 0, "feature34": 0, "feature35": 0, "feature36": 1, "feature37": 0, "feature38": 0, "feature39": 0, "feature4": 0, "feature40": 1, "feature41": 0, "feature42": 1, "feature43": 0, "feature44": 1, "feature45": 0, "feature46": 1, "feature47": 0, "feature48": 0, "feature49": 0, "feature5": 1, "feature50": 0, "feature51": 0, "feature52": 1, "feature53": 1, "feature54": 0, "feature55": 1, "feature56": 0, "feature57": 1, "feature58": 0, "feature59": 1, "feature6": 0, "feature60": 0, "feature61": 0, "feature62": 1, "feature7": 1, "feature8": 0, "feature9": 1}, "score": 0.6698877215385437, "info": {"adv": [37.0, 4.0, 0.0, 1.0, 3.0, 0.0, 0.0, 0.0, 0.0, 0.0, 0.0, 0.0, 0.0, 5.0, 0.0, 1.0, 0.0, 0.0, 0.0, 0.0, 0.0, 0.0, 0.0, 0.0, 1.0, 0.0, 0.0, 0.0, 0.0, 0.0, 0.0, 0.0, 1.0, 0.0, 0.0, 0.0, 0.0, 0.0, 0.0, 8.0, 0.0, 6.0, 12.999999999999998, 4.0, 13.0, 13.0, 7.000000000000001, 8.0, 14.607264873717833, 7.289438090864144, 0.0, 0.0, 0.0, 0.0, 0.0, 0.0, 0.0, 196.0, 6377.0, 66657.0, 0.0, 1.0, 1.0], "budget": 40.5}}