{"config": {"feature0": 1, "feature1": 1, "feature10": 1, "feature11": 0, "feature12": 1, "feature13": 1, "feature14": 1, "feature15": 1, "feature16": 1, "feature17": 0, "feature18": 0, "feature19": 0, "feature2": 1, "feature20": 0, "feature21": 0, "feature22": 0, "feature23": 0, "feature24": 0, "feature25": 1, "feature26": 1, "feature27": 0, "feature28": 0, "feature29": 0, "feature3": 1, "feature30": 1, "feature31": 0, "feature32": 0, "feature33": 0, "feature34": 1, "feature35": 1, "feature36": 0, "feature37": 1, "feature38": 0, "feature39": 1, "feature4": 0, "feature40": 0, "feature41": 0, "feature42": 1, "feature43": 0, "feature44": 0, "feature45": 0, "feature46": 0, "feature47": 1, "feature48": 0, "feature49": 1, "feature5": 1, "feature50": 0, "feature51": 0, "feature52": 1, "feature53": 0, "feature54": 0, "feature55": 0, "feature56": 0, "feature57": 0, "feature58": 0, "feature59": 1, "feature6": 1, "feature60": 0, "feature61": 0, "feature62": 1, "feature7": 0, "feature8": 0, "feature9": 0}, "score": 0.44268152117729187, "info": {"adv": [152.0, 4.0, 0.0, 3.0, 1.0, 0.0, 0.0, 0.0, 0.0, 0.0, 0.0, 0.0, 6.0, 5.0, 0.0, 1.0, 0.0, 0.0, 0.0, 0.0, 1.0, 0.0, 0.0, 0.0, 1.0, 0.0, 0.0, 0.0, 0.0, 0.0, 0.0, 0.0, 3.0, 0.0, 0.0, 0.0, 0.0, 4.0, 0.0, 6.0, 4.0, 3.0, 2.0, 4.0, 2.0, 5.0, 14.000000000000002, 6.833333333, 6.028290263225676, 7.5, 3.0000000000000004, 0.0, 0.0, 0.0, 0.0, 0.0, 0.0, 0.0, -1.0000000000000002, 107378.0, 0.0, 1.0, 2.0], "budget": 20.25}}