{"config": {"feature0": 0, "feature1": 1, "feature10": 0, "feature11": 0, "feature12": 1, "feature13": 1, "feature14": 0, "feature15": 0, "feature16": 0, "feature17": 1, "feature18": 0, "feature19": 0, "feature2": 1, "feature20": 1, "feature21": 0, "feature22": 0, "feature23": 0, "feature24": 0, "feature25": 0, "feature26": 0, "feature27": 1, "feature28": 0, "feature29": 1, "feature3": 0, "feature30": 1, "feature31": 1, "feature32": 0, "feature33": 1, "feature34": 0, "feature35": 1, "feature36": 0, "feature37": 0, "feature38": 0, "feature39": 1, "feature4": 0, "feature40": 0, "feature41": 1, "feature42": 1, "feature43": 0, "feature44": 1, "feature45": 1, "feature46": 1, "feature47": 1, "feature48": 1, "feature49": 0, "feature5": 1, "feature50": 0, "feature51": 1, "feature52": 1, "feature53": 0, "feature54": 1, "feature55": 0, "feature56": 1, "feature57": 1, "feature58": 1, "feature59": 0, "feature6": 1, "feature60": 1, "feature61": 0, "feature62": 0, "feature7": 0, "feature8": 1, "feature9": 0}, "score": 0.6894859075546265, "info": {"adv": [33.0, 20.0, 0.0, 1.0, 2.0, 0.0, 0.0, 0.0, 0.0, 0.0, 0.0, 0.0, 4.0, 3.0, 0.0, 1.0, 0.0, 0.0, 0.0, 0.0, 0.0, 0.0, 0.0, 0.0, 1.0, 0.0, 0.0, 0.0, 0.0, 0.0, 0.0, 0.0, 1.0, 0.0, 0.0, 0.0, 0.0, 0.0, 0.0, 6.0, 0.0, 21.0, 20.0, 2.0, 21.0, 20.0, 0.0, 20.63065758520123, 21.940470194651553, 0.0, 0.0, 0.0, 0.0, 0.0, 0.0, 0.0, 0.0, 544.0, 396.0, 0.0, 0.0, 1.0, 0.0], "budget": 10.125}}